iata,icao,faa,latitude,longitude,,
AIV,KAIV,,33.1065,-88.1978,,
ALX,KALX,,32.9147,-85.963,,
ANB,KANB,,33.5882,-85.8581,,
ASN,KASN,,33.5699,-86.0509,,
AUO,KAUO,,32.6151,-85.434,,
BFM,KBFM,,30.6268,-88.0681,,
BHM,KBHM,,33.5629,-86.7535,,
DCU,KDCU,,34.6527,-86.9454,,
DHN,KDHN,,31.3213,-85.4496,,
ETS,KEDN,,31.2997,-85.8999,,
EUF,KEUF,,31.9513,-85.1289,,
GAD,KGAD,,33.9726,-86.089,,
GUF,KJKA,,30.2905,-87.6718,,
HAB,KHAB,,34.1176,-87.9982,,
HSV,KHSV,,34.6372,-86.7751,,
HUA,KHUA,,34.6787,-86.6848,,
MGM,KMGM,,32.3006,-86.394,,
MOB,KMOB,,30.6912,-88.2428,,
MSL,KMSL,,34.7453,-87.6102,,
MVC,KMVC,,31.458,-87.351,,
MXF,KMXF,,32.3829,-86.3658,,
NHX,KNBJ,,30.3891,-87.6353,,
OZR,KOZR,,31.2757,-85.7134,,
PLR,KPLR,,33.5588,-86.2491,,
SEM,KSEM,,32.3439,-86.9878,,
TCL,KTCL,,33.2206,-87.6114,,
TGE,,,32.4919,-85.7756,,
TOI,KTOI,,31.8604,-86.0121,,
ABL,PAFM,,67.1063,-157.857,,
ADK,PADK,,51.878,-176.646,,
ADQ,PADQ,,57.75,-152.494,,
ADR,KPHH,,33.4517,-79.5262,,
AET,PFAL,,66.5518,-152.622,,
AGN,PAGN,,57.5036,-134.585,,
AIN,PAWI,,70.638,-159.995,,
AKB,PAAK,,52.2203,-174.206,,
AKI,PFAK,,60.9029,-161.231,,
AKK,PAKH,,56.9387,-154.183,,
AKN,PAKN,,58.6768,-156.649,,
AKP,PAKP,,68.1336,-151.743,,
ALZ,,,56.8995,-154.248,,
ANC,PANC,,61.1744,-149.996,,
ANI,PANI,,61.5816,-159.543,,
ANN,PANT,,55.0424,-131.572,,
ANV,PANV,,62.6467,-160.191,,
AOS,,,57.4715,-153.815,,
AQY,,,60.9661,-149.126,,
ARC,PARC,,68.1147,-145.579,,
ATK,PATQ,,70.4673,-157.436,,
ATT,,,60.8667,-162.273,,
ATU,PAAT,,52.8284,173.18,,
AUK,,,62.68,-164.66,,
BCC,,,63.5733,-156.149,,
BET,PABE,,60.7798,-161.838,,
BGQ,PAGQ,,61.5361,-149.814,,
BIG,PABI,,63.9945,-145.722,,
BKC,PABL,,65.9816,-161.149,,
BKF,,,58.5548,-155.777,,
BMX,PABM,,59.3612,-155.259,,
BNF,,,57.0888,-134.833,,
BQV,,,58.4552,-135.885,,
BRW,PABR,,71.2854,-156.766,,
BSW,,,60.4231,-146.146,,
BTI,PABA,,70.134,-143.582,,
BTT,PABT,,66.9139,-151.529,,
BVU,PABG,,61.1722,-151.044,,
BYA,,,64.0783,-141.113,,
CDB,PACD,,55.2061,-162.725,,
CDL,,,65.9077,-161.926,,
CDV,PACV,,60.4918,-145.478,,
CEM,PACE,,65.5738,-144.783,,
CEX,,,65.0518,-146.047,,
CGA,,,55.4788,-133.148,,
CHP,,,65.4855,-144.611,,
CHU,,,61.5791,-159.216,,
CIK,PACI,,66.645,-143.74,,
CIL,,,64.8979,-163.703,,
CKD,,,61.8679,-158.135,,
CKU,,,60.5439,-145.727,,
CKX,,,64.0713,-141.952,,
CLP,PFCL,,58.8337,-158.529,,
CXC,,,61.5829,-144.427,,
CXF,PACX,,67.2522,-150.204,,
CYF,PACK,,60.1492,-164.286,,
CYM,,,57.5149,-134.946,,
CYT,PACY,,60.081,-142.495,,
CZC,,,61.9412,-145.294,,
CZF,PACZ,,61.7803,-166.039,,
CZN,,,62.0712,-142.048,,
CZO,,,62.5635,-144.669,,
CZP,,,55.9663,-133.797,,
DCK,,,66.9433,-156.905,,
DJN,,,64.0504,-145.717,,
DLG,PADL,,59.0447,-158.505,,
DRF,,,60.5889,-152.162,,
DRG,PADE,,66.0696,-162.766,,
DUT,PADU,,53.9001,-166.544,,
EAA,PAEG,,64.7764,-141.151,,
EDA,,,55.9497,-133.661,,
EDF,PAED,,61.251,-149.807,,
EEK,PAEE,,60.2137,-162.044,,
EGX,PAII,,58.1855,-157.375,,
EHM,PAEH,,58.6464,-162.063,,
EIL,PAEI,,64.6657,-147.102,,
ELI,PFEL,,64.6147,-162.272,,
ELV,PAEL,,58.1952,-136.347,,
ELW,,,60.8938,-146.704,,
EMK,PAEM,,62.7861,-164.491,,
ENA,PAEN,,60.5731,-151.245,,
ENN,PANN,,64.5473,-149.074,,
EXI,,,58.4205,-135.449,,
FAI,PAFA,,64.8151,-147.856,,
FAK,,,57.5322,-135.213,,
FBK,PAFB,,64.8375,-147.614,,
FLT,,,62.4526,-157.989,,
FNR,PANR,,58.2544,-134.898,,
FRN,PAFR,,61.2664,-149.653,,
FWL,PAFW,,62.5093,-153.892,,
FYU,PFYU,,66.5715,-145.25,,
GAL,PAGA,,64.7362,-156.937,,
GAM,PAGM,,63.7668,-171.733,,
GBH,PAGB,,68.4797,-149.49,,
GDH,,,59.747,-158.875,,
GKN,PAGK,,62.1549,-145.457,,
GLV,PAGL,,64.5505,-163.007,,
GMT,PAGZ,,65.4021,-161.281,,
GNU,,,59.1174,-161.577,,
GST,PAGS,,58.4253,-135.707,,
HBH,,,57.4122,-133.438,,
HCR,PAHC,,62.1883,-159.775,,
HED,,,55.8014,-160.899,,
HGZ,,,66.2161,-155.669,,
HKB,,,63.9958,-144.693,,
HNH,PAOH,,58.0961,-135.41,,
HNS,PAHN,,59.2438,-135.524,,
HOM,PAHO,,59.6456,-151.477,,
HPB,PAHP,,61.5239,-166.147,,
HSL,PAHL,,65.6979,-156.351,,
HUS,PAHU,,66.0411,-154.263,,
HWI,,,58.1274,-134.756,,
HYG,PAHY,,55.2063,-132.828,,
HYL,,,55.4816,-132.646,,
IAN,PAIK,,66.976,-160.437,,
ICY,,,59.969,-141.662,,
IGG,PAIG,,59.324,-155.902,,
IKO,PAKO,,52.9416,-168.849,,
ILI,PAIL,,59.7544,-154.911,,
IRC,PACR,,65.8305,-144.076,,
JBT,,,60.782,-161.743,,
JLA,,,60.4827,-149.719,,
JNU,PAJN,,58.355,-134.576,,
KAE,PAFE,,56.973,-133.946,,
KAL,PAKV,,64.3191,-158.741,,
KBC,,,66.274,-145.824,,
KBE,,,55.9291,-131.572,,
KBW,,,56.2956,-158.401,,
KCC,,,56.0032,-132.842,,
KCL,,,56.3112,-158.536,,
KCN,,,53.4029,-167.52,,
KCQ,,,56.255,-158.775,,
KCR,,,63.5677,-155.989,,
KDK,PAKD,,57.8059,-152.374,,
KEB,,,59.3521,-151.925,,
KEK,,,59.3568,-157.471,,
KFP,PAKF,,54.8474,-163.41,,
KGK,PAJZ,,59.7266,-157.259,,
KGX,,,62.8952,-160.066,,
KGZ,,,61.4551,-142.381,,
KIB,,,55.8975,-159.489,,
KKA,PAKK,,64.9395,-161.154,,
KKB,,,58.1909,-152.37,,
KKH,PADY,,59.9608,-162.881,,
KKI,,,60.9048,-161.422,,
KKK,,,64.4166,-156.82,,
KKL,,,57.367,-154.028,,
KKU,,,58.8112,-158.559,,
KLG,PALG,,61.5363,-160.341,,
KLL,,,59.1281,-156.859,,
KLN,PALB,,57.5351,-153.978,,
KLW,PAKW,,55.5792,-133.076,,
KMO,PAMB,,58.9902,-159.05,,
KMY,,,57.0256,-154.146,,
KNW,PANW,,59.4499,-157.328,,
KOT,PFKO,,63.0306,-163.533,,
KOY,,,57.1615,-154.23,,
KOZ,,,57.9254,-152.497,,
KPB,,,56.3519,-133.623,,
KPC,PAPC,,65.2537,-166.859,,
KPN,PAKI,,59.933,-164.031,,
KPR,,,58.4901,-152.582,,
KPV,PAPE,,55.906,-159.163,,
KPY,,,57.9301,-153.041,,
KQA,,,54.1338,-165.779,,
KSM,PASM,,62.0605,-163.302,,
KTB,,,55.688,-132.537,,
KTH,,,59.9632,-158.477,,
KTN,PAKT,,55.3556,-131.714,,
KTS,PFKT,,65.3313,-166.466,,
KUK,PFKA,,60.8744,-162.524,,
KVC,PAVC,,55.1163,-162.266,,
KVL,PAVL,,67.7362,-164.563,,
KWF,,,55.2963,-133.243,,
KWK,PAGG,,59.8765,-163.169,,
KWN,PAQH,,59.7551,-161.845,,
KWP,,,57.7701,-153.549,,
KWT,PFKW,,60.7903,-161.444,,
KXA,,,55.5374,-132.398,,
KYK,PAKY,,57.5671,-154.45,,
KYU,PFKU,,64.8761,-157.727,,
KZB,,,57.553,-153.746,,
LIV,,,65.467,-148.653,,
LKK,PAKL,,58.9821,-155.121,,
LMA,PAMH,,63.886,-152.302,,
LNI,PALN,,70.9107,-153.242,,
LUR,PALU,,68.8751,-166.11,,
LVD,,,61.3591,-155.44,,
MCG,PAMC,,62.9529,-155.606,,
MCL,PAIN,,63.7326,-148.911,,
MDO,PAMD,,59.4499,-146.307,,
MLL,PADM,,61.8643,-162.026,,
MLY,PAML,,64.9976,-150.644,,
MNT,,,65.1437,-149.37,,
MOS,,,64.698,-162.057,,
MOU,PAMO,,62.0954,-163.682,,
MRI,PAMR,,61.2135,-149.844,,
MTM,PAMM,,55.131,-131.578,,
MTX,PABK,,64.8068,-147.762,,
MXY,PAMX,,61.4371,-142.904,,
MYK,,,61.3357,-142.687,,
MYU,PAMY,,60.3714,-166.271,,
NCN,PFCB,,60.0773,-147.992,,
NIB,PAFS,,63.0186,-154.358,,
NIN,,,60.0207,-151.591,,
NKI,,,55.8496,-133.228,,
NLG,PAOU,,56.0075,-161.16,,
NME,PAGT,,60.471,-164.701,,
NNK,,,58.7329,-157.02,,
NNL,PANO,,59.9802,-154.839,,
NUI,PAQT,,70.21,-151.006,,
NUL,PANU,,64.7293,-158.074,,
NUP,,,60.9056,-162.44,,
OBU,PAOB,,66.9123,-156.897,,
OLH,,,57.2181,-153.27,,
OME,PAOM,,64.5122,-165.445,,
OOK,PAOO,,60.5414,-165.087,,
ORI,KORI,,57.8853,-152.846,,
ORT,PAOR,,62.9613,-141.929,,
ORV,PFNO,,66.8179,-161.019,,
OTZ,PAOT,,66.8847,-162.599,,
PAQ,PAAQ,,61.5949,-149.089,,
PCA,PAOC,,58.9065,-157.714,,
PDB,,,59.7896,-154.124,,
PEC,,,57.9552,-136.236,,
PGM,,,59.3483,-151.832,,
PHO,PAPO,,68.3488,-166.799,,
PIP,PAPN,,57.5804,-157.572,,
PIZ,PPIZ,,69.7329,-163.005,,
PKA,PAPK,,60.7029,-161.778,,
PML,PAAL,,56.006,-160.561,,
PPC,PAPR,,66.8141,-150.644,,
PPV,,,56.3288,-133.61,,
PQS,,,61.9346,-162.9,,
PSG,PAPG,,56.8017,-132.945,,
PTA,PALJ,,60.2017,-154.326,,
PTC,,,55.803,-133.597,,
PTD,PAAP,,56.2468,-134.648,,
PTH,PAPH,,56.9591,-158.633,,
PTU,PAPM,,59.0114,-161.82,,
PWR,,,56.381,-134.651,,
PYL,,,60.6853,-147.919,,
RBY,PARY,,64.7272,-155.47,,
RDB,PADG,,68.0321,-162.899,,
RDV,,,61.7881,-157.35,,
RMP,,,65.5079,-150.141,,
RSH,PARS,,61.7789,-161.319,,
SCC,PASC,,70.1947,-148.465,,
SCM,PACM,,61.8453,-165.571,,
SDP,PASD,,55.315,-160.523,,
SGW,,,56.8863,-134.158,,
SGY,PAGY,,59.4601,-135.316,,
SHG,PAGH,,66.8881,-157.162,,
SHH,PASH,,66.2496,-166.089,,
SHX,PAHX,,62.6923,-159.569,,
SIT,PASI,,57.0471,-135.362,,
SKK,PFSH,,64.3711,-161.224,,
SKW,PASW,,61.9653,-151.191,,
SLQ,PASL,,61.7005,-157.166,,
SMK,PAMK,,63.4901,-162.11,,
SMU,PASP,,61.812,-147.507,,
SNP,PASN,,57.1673,-170.22,,
SOL,,,64.5605,-164.446,,
SOV,PASO,,59.4424,-151.704,,
SRV,,,61.7897,-156.589,,
STG,PAPB,,56.5783,-169.662,,
SVA,PASA,,63.6864,-170.493,,
SVS,,,66.0172,-149.055,,
SVW,PASV,,61.0974,-155.574,,
SWD,PAWD,,60.1269,-149.419,,
SXP,,,62.5206,-164.848,,
SXQ,PASX,,60.4757,-151.034,,
SYA,PASY,,52.7123,174.114,,
SYB,,,58.3733,-152.202,,
TAL,PATA,,65.1744,-152.109,,
TCT,,,62.9932,-156.029,,
TEH,,,63.1339,-142.519,,
TEK,,,60.8714,-146.69,,
TKA,PATK,,62.3205,-150.094,,
TKE,,,57.7797,-135.218,,
TKI,,,55.9371,-133.327,,
TKJ,PFTO,,63.3295,-142.954,,
TKL,,,58.4897,-133.943,,
TLA,PATE,,65.2404,-166.339,,
TLF,,,63.3939,-153.269,,
TLJ,PATL,,62.8944,-155.977,,
TLT,,,61.0968,-160.969,,
TNC,PATC,,65.5631,-167.922,,
TNK,,,60.5755,-165.272,,
TOG,PATG,,59.0528,-160.397,,
TSG,,,63.3744,-143.336,,
TWA,,,59.0756,-160.273,,
TWE,,,65.6793,-164.799,,
TYE,,,61.0767,-151.138,,
UGB,,,57.4254,-157.74,,
UGI,,,57.7304,-153.321,,
UGS,,,57.5279,-157.399,,
UMM,PAST,,63.3315,-149.127,,
UMT,PAUM,,69.3711,-152.136,,
UNK,PAUN,,63.8884,-160.799,,
UTO,PAIM,,65.9928,-153.704,,
UUK,PAKU,,70.3308,-149.598,,
VAK,PAVA,,61.5409,-165.6,,
VDZ,PAVD,,61.1339,-146.248,,
VEE,PAVE,,67.0087,-146.366,,
WAA,PAIW,,65.6226,-168.095,,
WBB,,,63.516,-162.278,,
WBQ,PAWB,,66.3622,-147.407,,
WCR,PALR,,67.5045,-148.483,,
WFB,,,55.3499,-131.677,,
WHD,,,55.9033,-130.01,,
WKK,,,59.2826,-158.618,,
WLK,PASK,,66.6001,-159.986,,
WLR,,,55.6013,-131.637,,
WMK,,,55.7396,-132.255,,
WMO,PAWM,,64.6892,-163.413,,
WNA,PANA,,60.6903,-161.979,,
WOW,PAUO,,61.7542,-150.052,,
WRG,PAWG,,56.4843,-132.37,,
WSB,,,55.5296,-133.642,,
WSF,PACS,,61.1821,-149.863,,
WSM,,,67.4046,-150.123,,
WSN,PFWS,,58.7034,-157.008,,
WTK,PAWN,,67.5661,-162.975,,
WTL,,,60.3353,-162.667,,
WWA,PAWS,,61.5717,-149.54,,
WWP,,,56.1163,-133.122,,
WWT,PAEW,,60.9391,-164.641,,
WYB,,,55.9163,-131.801,,
YAK,PAYA,,59.5033,-139.66,,
ZNC,,,60.9807,-159.994,,
AVW,KAVQ,,32.4096,-111.218,,
AZA,KIWA,,33.3078,-111.655,,
BGT,,,34.5959,-113.17,,
BSQ,,,31.364,-109.883,,
BXK,KBXK,,33.4204,-112.686,,
CFT,KCFT,,32.9528,-109.21,,
CGZ,KCGZ,,32.9549,-111.767,,
CTW,,,34.73,-112.035,,
CWX,,,32.2454,-109.895,,
DGL,KDGL,,31.3426,-109.506,,
DMA,KDMA,,32.1665,-110.883,,
DUG,KDUG,,31.469,-109.604,,
DVT,KDVT,,33.6883,-112.083,,
FHU,KFHU,,31.5885,-110.344,,
FLG,KFLG,,35.1385,-111.671,,
GCN,KGCN,,35.9524,-112.147,,
GCW,,,35.9904,-113.816,,
GLB,,,33.3531,-110.667,,
GYR,KGYR,,33.4225,-112.376,,
HBK,,,34.9407,-110.138,,
HII,KHII,,34.5711,-114.358,,
IFP,KIFP,,35.1574,-114.56,,
IGM,KIGM,,35.2595,-113.938,,
INW,KINW,,35.0219,-110.723,,
LGF,KLGF,,32.86,-114.397,,
LUF,KLUF,,33.535,-112.383,,
MSC,KFFZ,,33.4608,-111.728,,
MVM,,,36.7164,-110.228,,
MYH,,,36.8116,-111.642,,
MZJ,KMZJ,,32.5106,-111.328,,
OLS,KOLS,,31.4177,-110.848,,
PGA,KPGA,,36.9261,-111.448,,
PGS,,,35.5713,-113.293,,
PHX,KPHX,,33.4343,-112.012,,
PJB,KPAN,,34.2568,-111.339,,
PRC,KPRC,,34.6545,-112.42,,
PXL,,,35.7917,-110.423,,
SAD,KSAD,,32.8548,-109.635,,
SCF,KSDL,,33.6229,-111.911,,
SDX,KSEZ,,34.8486,-111.788,,
SJN,KSJN,,34.5186,-109.379,,
SOW,KSOW,,34.2655,-110.006,,
TBC,,,36.0928,-111.383,,
TUS,KTUS,,32.1161,-110.941,,
TYZ,KTYL,,34.4528,-110.115,,
VLE,,,35.6506,-112.148,,
WTR,,,33.8125,-109.987,,
YUM,KNYL,,32.6566,-114.606,,
AGO,KAGO,,33.228,-93.217,,
ARG,KARG,,36.1247,-90.9251,,
AWM,KAWM,,35.1351,-90.2344,,
BVX,KBVX,,35.7262,-91.6473,,
BYH,KBYH,,35.9643,-89.944,,
CDH,KCDH,,33.6228,-92.7634,,
CKK,KCVK,,36.2649,-91.5626,,
CRT,KCRT,,33.1783,-91.8802,,
ELD,KELD,,33.221,-92.8133,,
FCY,KFCY,,34.942,-90.775,,
FLP,KFLP,,36.2909,-92.5903,,
FSM,KFSM,,35.3366,-94.3674,,
FYV,KFYV,,36.0051,-94.1701,,
HEE,KHEE,,34.5766,-90.6762,,
HKA,KHKA,,35.9404,-89.8308,,
HOT,KHOT,,34.478,-93.0962,,
HRO,KHRO,,36.2615,-93.1547,,
JBR,KJBR,,35.8317,-90.6464,,
LIT,KLIT,,34.7294,-92.2243,,
LRF,KLRF,,34.9169,-92.1497,,
MPJ,KMPJ,,35.1389,-92.9092,,
MXA,KMXA,,35.8944,-90.1546,,
PBF,KPBF,,34.1731,-91.9356,,
PGR,KPGR,,36.0629,-90.5078,,
ROG,KROG,,36.3723,-94.1069,,
SGT,KSGT,,34.5995,-91.575,,
SLG,KSLG,,36.1919,-94.49,,
SPZ,KASG,,36.1764,-94.1193,,
SRC,KSRC,,35.2106,-91.7375,,
TXK,KTXK,,33.4537,-93.991,,
WMH,KBPK,,36.3689,-92.4705,,
XNA,KXNA,,36.2819,-94.3068,,
ACV,KACV,,40.9781,-124.109,,
AHC,KAHC,,40.2662,-120.153,,
APC,KAPC,,38.2132,-122.281,,
APV,KAPV,,34.5753,-117.186,,
AUN,KAUN,,38.9548,-121.082,,
AVX,KAVX,,33.4049,-118.416,,
BAB,KBAB,,39.1361,-121.437,,
BFL,KBFL,,35.4336,-119.057,,
BIH,KBIH,,37.3731,-118.364,,
BLH,KBLH,,33.6192,-114.717,,
BLU,KBLU,,39.275,-120.71,,
BNG,KBNG,,33.9231,-116.851,,
BUR,KBUR,,34.2007,-118.359,,
BWC,KBWC,,32.9929,-115.517,,
BXS,,,33.259,-116.321,,
BYS,KBYS,,35.2805,-116.63,,
BZF,,,40.5749,-122.408,,
CCB,KCCB,,34.1116,-117.688,,
CCR,KCCR,,37.9897,-122.057,,
CEC,KCEC,,41.7802,-124.237,,
CIC,KCIC,,39.7954,-121.858,,
CKE,,,38.9906,-122.901,,
CLD,KCRQ,,33.1283,-117.28,,
CLG,,,36.1631,-120.294,,
CLR,KCLR,,33.1315,-115.521,,
CNO,KCNO,,33.9747,-117.637,,
COA,,,38.0304,-120.415,,
CPM,KCPM,,33.89,-118.244,,
CRO,KCRO,,36.1025,-119.595,,
CXL,KCXL,,32.6695,-115.513,,
DAG,KDAG,,34.8537,-116.787,,
DTH,,,36.4638,-116.881,,
EDW,KEDW,,34.9054,-117.884,,
EED,KEED,,34.7663,-114.623,,
EKA,KEKA,,40.8034,-124.113,,
EMT,KEMT,,34.0861,-118.035,,
FAT,KFAT,,36.7762,-119.718,,
FCH,KFCH,,36.7324,-119.82,,
FOB,,,39.4743,-123.796,,
FUL,KFUL,,33.872,-117.98,,
GNF,,,39.9439,-120.945,,
HAF,KHAF,,37.5134,-122.501,,
HHR,KHHR,,33.9228,-118.335,,
HLI,KCVH,,36.8933,-121.41,,
HMT,KHMT,,33.734,-117.023,,
HWD,KHWD,,37.6592,-122.122,,
IPL,KIPL,,32.8342,-115.579,,
IYK,KIYK,,35.6588,-117.83,,
KIC,KKIC,,36.228,-121.122,,
LAX,KLAX,,33.9425,-118.408,,
LGB,KLGB,,33.8177,-118.152,,
LPC,KLPC,,34.6656,-120.468,,
LSN,KLSN,,37.0629,-120.869,,
LVK,KLVK,,37.6934,-121.82,,
MAE,KMAE,,36.9886,-120.112,,
MCC,KMCC,,38.6676,-121.401,,
MCE,KMCE,,37.2847,-120.514,,
MER,KMER,,37.3805,-120.568,,
MHR,KMHR,,38.5539,-121.298,,
MHS,,,41.2632,-122.272,,
MHV,KMHV,,35.0594,-118.152,,
MIT,KMIT,,35.5074,-119.192,,
MMH,KMMH,,37.6241,-118.838,,
MOD,KMOD,,37.6258,-120.954,,
MRY,KMRY,,36.587,-121.843,,
MYF,KMYF,,32.8157,-117.14,,
MYV,KMYV,,39.0978,-121.57,,
NJK,KNJK,,32.8292,-115.672,,
NKX,KNKX,,32.8684,-117.143,,
NLC,KNLC,,36.333,-119.952,,
NLN,,,40.7193,-123.928,,
NOT,KDVO,,38.1436,-122.556,,
NRC,KNRC,,37.408,-121.109,,
NRS,KNRS,,32.5667,-117.117,,
NTD,KNTD,,34.1203,-119.121,,
NUQ,KNUQ,,37.4161,-122.049,,
NVN,,,39.8185,-120.353,,
NZY,KNZY,,32.6992,-117.215,,
OAK,KOAK,,37.7213,-122.221,,
OAR,KOAR,,36.6819,-121.762,,
OCN,KOKB,,33.2173,-117.354,,
ODC,,,37.7563,-120.8,,
ONT,KONT,,34.056,-117.601,,
OVE,KOVE,,39.4878,-121.622,,
OXR,KOXR,,34.2008,-119.207,,
PAO,KPAO,,37.4611,-122.115,,
PMD,KPMD,,34.6294,-118.085,,
POC,KPOC,,34.0916,-117.782,,
PRB,KPRB,,35.6729,-120.627,,
PSP,KPSP,,33.8297,-116.507,,
PTV,KPTV,,36.0296,-119.063,,
PVF,KPVF,,38.7242,-120.753,,
PYS,,,39.7105,-121.6163,,
RAL,KRAL,,33.9519,-117.445,,
RBF,,,34.2638,-116.856,,
RBK,,,33.5742,-117.128,,
RBL,KRBL,,40.1507,-122.252,,
RDD,KRDD,,40.509,-122.293,,
RHV,KRHV,,37.3329,-121.819,,
RIR,KRIR,,33.9897,-117.411,,
RIV,KRIV,,33.8807,-117.259,,
RMY,KMPI,,37.5109,-120.04,,
ROF,,,41.7304,-122.546,,
SAC,KSAC,,38.5125,-121.493,,
SAN,KSAN,,32.7336,-117.19,,
SAS,KSAS,,33.2414,-115.952,,
SBA,KSBA,,34.4262,-119.84,,
SBD,KSBD,,34.0954,-117.235,,
SBP,KSBP,,35.2368,-120.642,,
SCK,KSCK,,37.8942,-121.238,,
SDM,KSDM,,32.5723,-116.98,,
SEE,KSEE,,32.8262,-116.972,,
SFO,KSFO,,37.619,-122.375,,
SIY,KSIY,,41.7781,-122.473,,
SJC,KSJC,,37.3626,-121.929,,
SMF,KSMF,,38.6954,-121.591,,
SMO,KSMO,,34.0158,-118.451,,
SMX,KSMX,,34.8989,-120.457,,
SNA,KSNA,,33.6757,-117.868,,
SNS,KSNS,,36.6628,-121.606,,
SPA,KSPA,,34.9157,-81.9565,,
SQA,KIZA,,34.6068,-120.076,,
SQL,KSQL,,37.5119,-122.25,,
SRF,,,38.06,-122.51,,
STS,KSTS,,38.509,-122.813,,
SUM,KSMS,,33.995,-80.3613,,
SUU,KSUU,,38.2627,-121.927,,
SVE,KSVE,,40.3757,-120.573,,
SZN,KSZN,,34.0606,-119.915,,
SZP,KSZP,,34.3472,-119.061,,
TKF,KTRK,,39.32,-120.14,,
TLR,KTLR,,36.1563,-119.326,,
TNP,KTNP,,34.1316,-115.946,,
TOA,KTOA,,33.8034,-118.34,,
TRH,,,35.8125,-117.327,,
TRM,KTRM,,33.6267,-116.16,,
TSP,KTSP,,35.135,-118.439,,
TVL,KTVL,,38.8939,-119.995,,
UDD,KUDD,,33.7484,-116.275,,
UKI,KUKI,,39.126,-123.201,,
VBG,KVBG,,34.7373,-120.584,,
VCV,KVCV,,34.5975,-117.383,,
VIS,KVIS,,36.3187,-119.393,,
VNY,KVNY,,34.2098,-118.49,,
WHP,KWHP,,34.2593,-118.413,,
WJF,KWJF,,34.7411,-118.219,,
WLW,KWLW,,39.5164,-122.218,,
WVI,KWVI,,36.9357,-121.79,,
AFF,KAFF,,38.9697,-104.813,,
AKO,KAKO,,40.1756,-103.222,,
ALS,KALS,,37.4349,-105.867,,
AMK,,,37.2032,-107.869,,
APA,KAPA,,39.5701,-104.849,,
ASE,KASE,,39.2232,-106.869,,
BFK,KBKF,,39.7017,-104.752,,
BJC,KBJC,,39.9088,-105.117,,
CEZ,KCEZ,,37.303,-108.628,,
CIG,KCAG,,40.4952,-107.522,,
CNE,,,38.428,-105.106,,
COS,KCOS,,38.8058,-104.701,,
CSE,,,38.8519,-106.928,,
DEN,KDEN,,39.8617,-104.673,,
DRO,KDRO,,37.1515,-107.754,,
EGE,KEGE,,39.6426,-106.918,,
FCS,KFCS,,38.6784,-104.757,,
FNL,KFNL,,40.4518,-105.011,,
GJT,KGJT,,39.1224,-108.527,,
GUC,KGUC,,38.5339,-106.933,,
GWS,KGWS,,39.5083,-107.311,,
GXY,KGXY,,40.4374,-104.633,,
HDN,KHDN,,40.4812,-107.218,,
LAA,KLAA,,38.0697,-102.688,,
LIC,KLIC,,39.2748,-103.666,,
LXV,KLXV,,39.2203,-106.317,,
MTJ,KMTJ,,38.5098,-107.894,,
PGO,KPSO,,37.2863,-107.056,,
PUB,KPUB,,38.2891,-104.497,,
RIL,KRIL,,39.5263,-107.727,,
RNG,,,40.0932,-108.763,,
SBS,KSBS,,40.5163,-106.866,,
SLT,KANK,,38.5383,-106.049,,
STK,KSTK,,40.6153,-103.265,,
TAD,KTAD,,37.2594,-104.341,,
TEX,KTEX,,37.9538,-107.908,,
WBU,KBDU,,40.0394,-105.226,,
WPO,,,38.8317,-107.646,,
BDL,KBDL,,41.9392,-72.6833,,
BDR,KBDR,,41.1635,-73.1262,,
DXR,KDXR,,41.3715,-73.4822,,
GON,KGON,,41.3301,-72.0451,,
HFD,KHFD,,41.7367,-72.6494,,
HVN,KHVN,,41.2637,-72.8868,,
OXC,KOXC,,41.4786,-73.1352,,
DOV,KDOV,,39.1295,-75.466,,
GED,KGED,,38.6892,-75.3589,,
ILG,KILG,,39.6787,-75.6065,,
AAF,KAAF,,29.7275,-85.0275,,
APF,KAPF,,26.1526,-81.7753,,
AVO,KAVO,,27.5912,-81.5278,,
BCT,KBCT,,26.3785,-80.1077,,
BOW,KBOW,,27.9434,-81.7834,,
CDK,KCDK,,29.1342,-83.0505,,
CEW,KCEW,,30.7788,-86.5221,,
CLW,KCLW,,27.9767,-82.7587,,
COF,KCOF,,28.2349,-80.6101,,
COI,KCOI,,28.3416,-80.6855,,
CRG,KCRG,,30.3363,-81.5144,,
CTY,KCTY,,29.6355,-83.1048,,
DAB,KDAB,,29.1799,-81.0581,,
DSI,KDTS,,30.4001,-86.4715,,
ECP,KECP,,30.3571,-85.7954,,
EGI,KEGI,,30.6504,-86.5229,,
EYW,KEYW,,24.5561,-81.7596,,
FLL,KFLL,,26.0726,-80.1527,,
FMY,KFMY,,26.5866,-81.8633,,
FPR,KFPR,,27.4951,-80.3683,,
FPY,,,30.0693,-83.5806,,
FXE,KFXE,,26.1973,-80.1707,,
GIF,KGIF,,28.0629,-81.7533,,
GNV,KGNV,,29.6901,-82.2718,,
HST,KHST,,25.4886,-80.3836,,
HWO,KHWO,,26.0012,-80.2407,,
IMM,KIMM,,26.4332,-81.401,,
ISM,KISM,,28.2898,-81.4371,,
JAX,KJAX,,30.4941,-81.6879,,
KYO,,,28.2213,-82.3745,,
LAL,KLAL,,27.9889,-82.0186,,
LCQ,KLCQ,,30.182,-82.5769,,
LEE,KLEE,,28.8231,-81.8087,,
LNA,KLNA,,26.593,-80.0851,,
MCF,KMCF,,27.8493,-82.5212,,
MCO,KMCO,,28.4294,-81.309,,
MIA,KMIA,,25.7932,-80.2906,,
MLB,KMLB,,28.1028,-80.6453,,
MPB,,,25.7783,-80.1703,,
MRK,KMKY,,25.995,-81.6725,,
MTH,KMTH,,24.7261,-81.0514,,
NEN,KNEN,,30.3539,-81.8719,,
NIP,KNIP,,30.2358,-81.6806,,
NPA,KNPA,,30.3527,-87.3186,,
NQX,KNQX,,24.5758,-81.6889,,
NRB,KNRB,,30.3911,-81.4247,,
NSE,KNSE,,30.7242,-87.0219,,
NUN,KNUN,,30.4694,-87.3381,,
OBE,KOBE,,27.2628,-80.8498,,
OCA,,,25.3254,-80.2748,,
OCF,KOCF,,29.1726,-82.2242,,
OPF,KOPF,,25.907,-80.2784,,
ORL,KORL,,28.5455,-81.3329,,
PAM,KPAM,,30.0696,-85.5754,,
PBI,KPBI,,26.6832,-80.0956,,
PGD,KPGD,,26.9202,-81.9905,,
PHK,KPHK,,26.785,-80.6934,,
PIE,KPIE,,27.9102,-82.6874,,
PNS,KPNS,,30.4734,-87.1866,,
PPM,KPMP,,26.2471,-80.1111,,
RSW,KRSW,,26.5362,-81.7552,,
SEF,KSEF,,27.4564,-81.3424,,
SFB,KSFB,,28.7776,-81.2375,,
SPG,KSPG,,27.7651,-82.627,,
SRQ,KSRQ,,27.3954,-82.5544,,
SUA,KSUA,,27.1817,-80.2211,,
TIX,KTIX,,28.5148,-80.7992,,
TLH,KTLH,,30.3965,-84.3503,,
TMB,KTMB,,25.6479,-80.4328,,
TNT,KTNT,,25.8618,-80.897,,
TPA,KTPA,,27.9755,-82.5332,,
TPF,KTPF,,27.9156,-82.4493,,
UST,KSGJ,,29.9592,-81.3398,,
VNC,KVNC,,27.0716,-82.4403,,
VPS,KVPS,,30.4832,-86.5254,,
VQQ,KVQQ,,30.2187,-81.8767,,
VRB,KVRB,,27.6556,-80.4179,,
ZPH,KZPH,,28.2282,-82.1559,,
ABY,KABY,,31.5355,-84.1945,,
AGS,KAGS,,33.3699,-81.9645,,
AHN,KAHN,,33.9486,-83.3263,,
ATL,KATL,,33.6367,-84.4281,,
AYS,KAYS,,31.2491,-82.3955,,
BGE,KBGE,,30.9715,-84.6374,,
BQK,KBQK,,31.2588,-81.4665,,
CSG,KCSG,,32.5163,-84.9389,,
DBN,KDBN,,32.5644,-82.9853,,
DNL,KDNL,,33.4665,-82.0394,,
DNN,KDNN,,34.7229,-84.8702,,
FTY,KFTY,,33.7791,-84.5214,,
GVL,KGVL,,34.2726,-83.8302,,
LGC,KLGC,,33.0089,-85.0726,,
LIY,KLHW,,31.8891,-81.5623,,
LSF,KLSF,,32.3373,-84.9913,,
LZU,KLZU,,33.9781,-83.9624,,
MAC,KMAC,,32.8221,-83.562,,
MCN,KMCN,,32.6928,-83.6492,,
MGE,KMGE,,33.9154,-84.5163,,
MGR,KMGR,,31.0849,-83.8033,,
MLJ,KMLJ,,33.1542,-83.2407,,
MQW,KMQW,,32.0946,-82.8822,,
MUL,KMUL,,31.1378,-83.7042,,
PDK,KPDK,,33.8756,-84.302,,
PIM,KPIM,,32.8407,-84.8824,,
RMG,KRMG,,34.3506,-85.158,,
SAV,KSAV,,32.1276,-81.2021,,
SSI,KSSI,,31.1518,-81.3913,,
SVN,KSVN,,32.01,-81.1457,,
SYV,KSYV,,31.5585,-83.8957,,
TBR,KTBR,,32.4827,-81.7369,,
TMA,KTMA,,31.429,-83.4885,,
TOC,KTOC,,34.5938,-83.2958,,
TVI,KTVI,,30.9016,-83.8813,,
VAD,KVAD,,30.9678,-83.193,,
VDI,KVDI,,32.1927,-82.3712,,
VLD,KVLD,,30.7825,-83.2767,,
WDR,KWDR,,33.9829,-83.6674,,
WRB,KWRB,,32.6401,-83.5919,,
BKH,PHBK,,22.0228,-159.785,,
BSF,PHSF,,19.7601,-155.554,,
FTI,NSFQ,,-14.2172,-169.425,,
HDH,PHDH,,21.5795,-158.197,,
HHI,PHHI,,21.4835,-158.04,,
HNL,PHNL,,21.3206,-157.924,,
HNM,PHHN,,20.7956,-156.014,,
HPV,,,22.2092,-159.446,,
ITO,PHTO,,19.7214,-155.048,,
JHM,PHJH,,20.9629,-156.673,,
JRF,PHJR,,21.3074,-158.07,,
KOA,PHKO,,19.7388,-156.046,,
LIH,PHLI,,21.976,-159.339,,
LNY,PHNY,,20.7856,-156.951,,
LUP,PHLU,,21.211,-156.974,,
MDY,PMDY,,28.2017,-177.381,,
MKK,PHMK,,21.1529,-157.096,,
MUE,PHMU,,20.0013,-155.668,,
NGF,PHNG,,21.4505,-157.768,,
OGG,PHOG,,20.8986,-156.43,,
PAK,PHPA,,21.8969,-159.603,,
UPP,PHUP,,20.2653,-155.86,,
WKL,,,19.9205,-155.861,,
BOI,KBOI,,43.5644,-116.223,,
BYI,KBYI,,42.5426,-113.772,,
CHL,KLLJ,,44.523,-114.218,,
COE,KCOE,,47.7743,-116.82,,
DBS,,,44.1666,-112.226,,
GNG,KGNG,,42.9172,-114.765,,
ICS,,,44.4938,-116.016,,
IDA,KIDA,,43.5136,-112.071,,
IDH,KGIC,,45.9426,-116.123,,
LWS,KLWS,,46.3745,-117.015,,
MLD,KMLD,,42.1666,-112.297,,
MUO,KMUO,,43.0436,-115.872,,
MYL,KMYL,,44.8897,-116.101,,
PIH,KPIH,,42.9098,-112.596,,
RXE,KRXE,,43.8339,-111.805,,
SMN,KSMN,,45.1238,-113.881,,
SUN,KSUN,,43.5044,-114.296,,
TWF,KTWF,,42.4818,-114.488,,
ALN,KALN,,38.8903,-90.046,,
AUZ,KARR,,41.7719,-88.4757,,
BDF,,,41.2309,-89.6157,,
BLV,KBLV,,38.5452,-89.8352,,
BMI,KBMI,,40.4771,-88.9159,,
CIR,KCIR,,37.0645,-89.2196,,
CMI,KCMI,,40.0392,-88.2781,,
CPS,KCPS,,38.5707,-90.1562,,
DEC,KDEC,,39.8346,-88.8657,,
DNV,KDNV,,40.1992,-87.5959,,
DPA,KDPA,,41.9078,-88.2486,,
DVN,KDVN,,41.6103,-90.5883,,
ENL,KENL,,38.5151,-89.0911,,
EOK,KEOK,,40.4599,-91.4285,,
FEP,KFEP,,42.2462,-89.582,,
GBG,KGBG,,40.938,-90.4311,,
GRE,KGRE,,38.8362,-89.3784,,
HSB,KHSB,,37.8113,-88.5503,,
IJX,KIJX,,39.7707,-90.238,,
IKK,KIKK,,41.0714,-87.8463,,
JOT,KJOT,,41.5178,-88.1755,,
LOT,KLOT,,41.6073,-88.0962,,
LWV,KLWV,,38.7643,-87.6055,,
MDH,KMDH,,37.7781,-89.252,,
MDW,KMDW,,41.7861,-87.7525,,
MLI,KMLI,,41.4485,-90.5075,,
MQB,KMQB,,40.5201,-90.6524,,
MTO,KMTO,,39.4779,-88.2792,,
MVN,KMVN,,38.3219,-88.8535,,
MWA,KMWA,,37.755,-89.0111,,
OLY,KOLY,,38.7207,-88.1749,,
ORD,KORD,,41.9786,-87.9047,,
PIA,KPIA,,40.6642,-89.6933,,
RFD,KRFD,,42.1953,-89.0972,,
SAR,KSAR,,38.1489,-89.6987,,
SLO,KSLO,,38.6429,-88.9642,,
SPI,KSPI,,39.8441,-89.6779,,
SQI,KSQI,,41.7428,-89.6763,,
UGN,KUGN,,42.4222,-87.8679,,
UIN,KUIN,,39.9427,-91.1946,,
VLA,KVLA,,38.9915,-89.1662,,
VYS,KVYS,,41.3519,-89.1531,,
AID,KAID,,40.1086,-85.613,,
ANQ,KANQ,,41.6397,-85.0835,,
BFR,KBFR,,38.84,-86.4454,,
BMG,KBMG,,39.146,-86.6167,,
CEV,KCEV,,39.6985,-85.1297,,
CLU,KBAK,,39.2619,-85.8963,,
EKI,KEKM,,41.7194,-86.0032,,
EVV,KEVV,,38.037,-87.5324,,
FRH,KFRH,,38.5062,-86.6369,,
FWA,KFWA,,40.9785,-85.1951,,
GBI,VOGB,,26.6319,-78.3592,,
GFD,KGFD,,39.7903,-85.7361,,
GSH,KGSH,,41.5264,-85.7929,,
GUS,KGUS,,40.6481,-86.1521,,
HLB,KHLB,,39.3445,-85.2583,,
HNB,KHNB,,38.249,-86.9537,,
IND,KIND,,39.7173,-86.2944,,
KKT,,,40.7587,-87.4282,,
LAF,KLAF,,40.4123,-86.9369,,
LPO,KPPO,,41.5725,-86.7345,,
MDN,KIMS,,38.7589,-85.4655,,
MGC,KMGC,,41.7033,-86.8212,,
MIE,KMIE,,40.2423,-85.3959,,
MZZ,KMZZ,,40.4899,-85.6797,,
OKK,KOKK,,40.5282,-86.059,,
OTN,,,38.8514,-87.4997,,
PLY,,,41.3651,-86.3005,,
RCR,KRCR,,41.0656,-86.1817,,
RID,KRID,,39.7572,-84.8428,,
RNZ,KRZL,,40.9479,-87.1826,,
SBN,KSBN,,41.7087,-86.3173,,
SER,KSER,,38.9236,-85.9074,,
SIV,KSIV,,39.1147,-87.4483,,
SMD,KSMD,,41.1434,-85.1528,,
VPZ,KVPZ,,41.454,-87.0071,,
AIO,KAIO,,41.4073,-95.0469,,
ALO,KALO,,42.5571,-92.4003,,
AMW,KAMW,,41.992,-93.6218,,
AXG,KAXA,,43.0779,-94.272,,
BNW,KBNW,,42.0496,-93.8476,,
BRL,KBRL,,40.7832,-91.1255,,
CBF,KCBF,,41.2592,-95.7606,,
CCY,KCCY,,43.0726,-92.6108,,
CID,KCID,,41.8847,-91.7108,,
CIN,KCIN,,42.0462,-94.789,,
CSQ,KCSQ,,41.0214,-94.3633,,
CWI,KCWI,,41.8311,-90.3291,,
DBQ,KDBQ,,42.402,-90.7095,,
DEH,KDEH,,43.2755,-91.7394,,
DNS,KDNS,,41.9864,-95.3807,,
DSM,KDSM,,41.534,-93.6631,,
EBS,KEBS,,42.4366,-93.8689,,
EFW,KEFW,,42.0102,-94.3426,,
EST,KEST,,43.4074,-94.7464,,
FFL,KFFL,,41.0533,-91.9789,,
FMS,KFSW,,40.6593,-91.3268,,
FOD,KFOD,,42.5515,-94.1926,,
FXY,KFXY,,43.2347,-93.6241,,
HPT,KHPT,,42.7237,-93.2263,,
HUD,,,42.7361,-94.2452,,
ICL,KICL,,40.7218,-95.0264,,
IDG,KIDG,,42.3325,-95.445,,
IFA,KIFA,,42.4708,-93.27,,
IOW,KIOW,,41.6392,-91.5465,,
LRJ,KLRJ,,42.778,-96.1937,,
MCW,KMCW,,43.1578,-93.3313,,
MIW,KMIW,,42.1128,-92.9178,,
MPZ,KMPZ,,40.9466,-91.5111,,
MUT,KMUT,,41.3678,-91.1482,,
MXO,KMXO,,42.2263,-91.1635,,
OMA,KOMA,,41.3032,-95.8941,,
OOA,KOOA,,41.0048,-93.3096,,
OTM,KOTM,,41.1066,-92.4479,,
POH,KPOH,,36.2456,-90.9553,,
PRO,KPRO,,41.828,-94.1599,,
RTL,,,43.3875,-95.1392,,
SLB,KSLB,,42.5973,-95.2407,,
SPW,KSPW,,43.1655,-95.2028,,
SUX,KSUX,,42.4026,-96.3844,,
TNU,KTNU,,41.6744,-93.0217,,
UKN,,,43.2805,-91.4695,,
ANY,KANY,,37.1585,-98.0796,,
BEC,KBEC,,37.6945,-97.215,,
CBK,KCBK,,39.4275,-101.047,,
CEA,KCEA,,37.6486,-97.2506,,
CFV,KCFV,,37.094,-95.5719,,
CNK,KCNK,,39.5493,-97.6523,,
CNU,KCNU,,37.6688,-95.4851,,
DDC,KDDC,,37.7634,-99.9656,,
EDK,KEQA,,37.7741,-96.8176,,
EMP,KEMP,,38.3321,-96.1912,,
EWK,KEWK,,38.0582,-97.2745,,
FLV,KFLV,,39.3683,-94.9147,,
FOE,KFOE,,38.9509,-95.6636,,
FRI,KFRI,,39.0553,-96.7645,,
FSK,KFSK,,37.7984,-94.7694,,
GBD,KGBD,,38.3443,-98.8592,,
GCK,KGCK,,37.9275,-100.724,,
GLD,KGLD,,39.3706,-101.699,,
HLC,KHLC,,39.3788,-99.8315,,
HUT,KHUT,,38.0655,-97.8606,,
HYS,KHYS,,38.8422,-99.2732,,
IAB,KIAB,,37.6219,-97.2682,,
ICT,KICT,,37.6499,-97.4331,,
IDP,KIDP,,37.1584,-95.7784,,
JCI,KIXD,,38.8309,-94.8903,,
LBL,KLBL,,37.0442,-100.96,,
LWC,KLWC,,39.0112,-95.2166,,
LYO,KLYO,,38.3428,-98.2269,,
MHK,KMHK,,39.141,-96.6708,,
MPR,KMPR,,38.3524,-97.6913,,
OJC,KOJC,,38.8476,-94.7376,,
PPF,KPPF,,37.3299,-95.5062,,
PTS,KPTS,,37.4478,-94.7311,,
PTT,KPTT,,37.7016,-98.7469,,
RSL,KRSL,,38.8721,-98.8118,,
SLN,KSLN,,38.791,-97.6522,,
TOP,KTOP,,39.0687,-95.6225,,
WLD,KWLD,,37.1686,-97.0376,,
BRY,KBRY,,37.8143,-85.4996,,
BWG,KBWG,,36.9645,-86.4197,,
CEY,KCEY,,36.6646,-88.3728,,
CVG,KCVG,,39.0488,-84.6678,,
EKX,KEKX,,37.686,-85.925,,
FFT,KFFT,,38.1825,-84.9047,,
FTK,KFTK,,37.9071,-85.9721,,
GLW,KGLW,,37.0318,-85.9537,,
HOP,KHOP,,36.6686,-87.4962,,
LEX,KLEX,,38.0365,-84.6059,,
LOU,KLOU,,38.228,-85.6637,,
LOZ,KLOZ,,37.0822,-84.0849,,
OWB,KOWB,,37.7401,-87.1668,,
PAH,KPAH,,37.0608,-88.7738,,
PVL,KPBX,,37.5618,-82.5664,,
SDF,KSDF,,38.1744,-85.736,,
SME,KSME,,37.0534,-84.6159,,
AEX,KAEX,,31.3274,-92.5498,,
ARA,KARA,,30.0378,-91.8839,,
BAD,KBAD,,32.5018,-93.6627,,
BCS,,,29.8661,-90.0222,,
BTR,KBTR,,30.5332,-91.1496,,
BXA,KBXA,,30.8137,-89.865,,
CWF,KCWF,,30.2106,-93.1432,,
DRI,KDRI,,30.8317,-93.3399,,
DTN,KDTN,,32.5402,-93.745,,
ESF,KESF,,31.3949,-92.2958,,
HUM,KHUM,,29.5665,-90.6604,,
LCH,KLCH,,30.1261,-93.2233,,
LFT,KLFT,,30.2053,-91.9876,,
MLU,KMLU,,32.5109,-92.0377,,
MSY,KMSY,,29.9934,-90.258,,
NBG,KNBG,,29.8253,-90.035,,
NEW,KNEW,,30.0424,-90.0283,,
OPL,KOPL,,30.5584,-92.0994,,
POE,KPOE,,31.0448,-93.1917,,
PTN,KPTN,,29.7095,-91.339,,
RSN,KRSN,,32.5144,-92.5917,,
SHV,KSHV,,32.4466,-93.8256,,
UCE,,,30.4663,-92.4238,,
AUG,KAUG,,44.3206,-69.7973,,
BGR,KBGR,,44.8074,-68.8281,,
BHB,KBHB,,44.45,-68.3615,,
CAR,KCAR,,46.8715,-68.0179,,
FRY,KIZG,,43.9911,-70.9479,,
HUL,KHUL,,46.1231,-67.7921,,
ISS,KIWI,,43.9614,-69.7126,,
LEW,KLEW,,44.0485,-70.2835,,
LIZ,,,46.9504,-67.8859,,
MLT,KMLT,,45.6478,-68.6856,,
NHZ,KBXM,,43.8922,-69.9386,,
OLD,KOLD,,44.9528,-68.6743,,
OWK,KOWK,,44.7155,-69.8665,,
PNN,KPNN,,45.2007,-67.5644,,
PQI,KPQI,,46.689,-68.0448,,
PWM,KPWM,,43.6462,-70.3093,,
RKD,KRKD,,44.0601,-69.0992,,
SFM,KSFM,,43.3939,-70.708,,
WFK,KFVE,,47.2855,-68.3128,,
WVL,KWVL,,44.5332,-69.6755,,
ADW,KADW,,38.8108,-76.867,,
ANP,KANP,,38.9429,-76.5684,,
APG,KAPG,,39.4662,-76.1688,,
BWI,KBWI,,39.1753,-76.6683,,
CBE,KCBE,,39.6154,-78.7609,,
CGE,KCGE,,38.5393,-76.0304,,
CGS,KCGS,,38.9806,-76.9223,,
ESN,KESN,,38.8042,-76.069,,
FDK,KFDK,,39.4176,-77.3743,,
FME,KFME,,39.0854,-76.7594,,
GAI,KGAI,,39.1683,-77.166,,
HGR,KHGR,,39.7079,-77.7295,,
LTW,,,38.3154,-76.5501,,
MTN,KMTN,,39.3257,-76.4138,,
NHK,KNHK,,38.286,-76.4118,,
OCE,KOXB,,38.3104,-75.124,,
SBY,KSBY,,38.3405,-75.5103,,
ACK,KACK,,41.2531,-70.0602,,
ARE,TJAB,,18.45,-66.6753,,
BAF,KBAF,,42.1578,-72.7156,,
BED,KBED,,42.47,-71.289,,
BOS,KBOS,,42.3643,-71.0052,,
BQN,TJBQ,,18.4949,-67.1294,,
BVY,KBVY,,42.5842,-70.9165,,
CPX,TJCP,,18.3133,-65.3043,,
EWB,KEWB,,41.6761,-70.9569,,
FAJ,TJFA,,18.3089,-65.6619,,
FMH,KFMH,,41.6584,-70.5214,,
GBR,KGBR,,42.1842,-73.4032,,
GDM,KGDM,,42.55,-72.0161,,
HUC,,,18.1381,-65.8013,,
HYA,KHYA,,41.6693,-70.2804,,
LWM,KLWM,,42.7172,-71.1234,,
MAZ,TJMZ,,18.2557,-67.1485,,
MMN,,,42.4618,-71.5184,,
MVY,KMVY,,41.3931,-70.6143,,
MXG,,,42.3432,-71.509,,
NRR,TJRV,,18.2453,-65.6434,,
ORH,KORH,,42.2673,-71.8757,,
OWD,KOWD,,42.1905,-71.1729,,
PMX,,,42.2233,-72.3114,,
PSF,KPSF,,42.4268,-73.2929,,
PVC,KPVC,,42.0719,-70.2214,,
PYM,KPYM,,41.909,-70.7288,,
UWA,,,42.282,-72.2148,,
VQS,TJVQ,,18.1348,-65.4936,,
ACB,KACB,,44.9886,-85.1984,,
ADG,KADG,,41.8677,-84.0773,,
AMN,KAMN,,43.3221,-84.688,,
APN,KAPN,,45.0781,-83.5603,,
ARB,KARB,,42.223,-83.7456,,
AZO,KAZO,,42.2349,-85.5521,,
BEH,KBEH,,42.1286,-86.4285,,
BTL,KBTL,,42.3073,-85.2515,,
CAD,KCAD,,44.2753,-85.4189,,
CIU,KCIU,,46.2508,-84.4724,,
CMX,KCMX,,47.1684,-88.4891,,
DRE,KDRM,,46.0093,-83.7439,,
DTW,KDTW,,42.2125,-83.3533,,
ECA,,,44.3128,-83.4223,,
ESC,KESC,,45.7227,-87.0937,,
FNT,KFNT,,42.9654,-83.7436,,
GDW,KGDW,,43.9706,-84.475,,
GLR,KGLR,,45.0135,-84.7036,,
GRR,KGRR,,42.8808,-85.5228,,
HAI,KHAI,,41.9598,-85.5934,,
HLM,KHLM,,42.7959,-86.162,,
HTL,KHTL,,44.3598,-84.6711,,
IMT,KIMT,,45.8184,-88.1145,,
IRS,KIRS,,41.8133,-85.439,,
ISQ,KISQ,,45.9746,-86.1718,,
IWD,KIWD,,46.5275,-90.1314,,
JXN,KJXN,,42.2598,-84.4594,,
LAN,KLAN,,42.7787,-84.5874,,
LDM,KLDM,,43.9625,-86.4079,,
MBL,KMBL,,44.2724,-86.2469,,
MBS,KMBS,,43.5329,-84.0796,,
MCD,KMCD,,45.8649,-84.6373,,
MKG,KMKG,,43.1695,-86.2382,,
MNM,KMNM,,45.1267,-87.6384,,
MOP,KMOP,,43.6217,-84.7375,,
MQT,KSAW,,46.3536,-87.3954,,
MTC,KMTC,,42.6135,-82.8369,,
NLE,,,41.8359,-86.2252,,
OSC,KOSC,,44.4516,-83.3941,,
PHN,KPHN,,42.911,-82.5289,,
PLN,KPLN,,45.5709,-84.7967,,
PTK,KPTK,,42.6655,-83.4201,,
RCT,KRCT,,43.9,-85.5167,,
TVC,KTVC,,44.7414,-85.5822,,
TZC,KCFS,,43.4588,-83.4455,,
WBK,,,44.2448,-84.1798,,
WBR,KRQB,,43.7226,-85.5041,,
AEL,KAEL,,43.6815,-93.3672,,
AUM,KAUM,,43.665,-92.9334,,
AXN,KAXN,,45.8663,-95.3947,,
BBB,KBBB,,45.3319,-95.6506,,
BDE,KBDE,,48.7284,-94.6122,,
BJI,KBJI,,47.5094,-94.9337,,
BRD,KBRD,,46.3983,-94.1381,,
CKN,KCKN,,47.8417,-96.6216,,
DLH,KDLH,,46.8421,-92.1936,,
DTL,KDTL,,46.8252,-95.8857,,
EVM,KEVM,,47.4251,-92.4985,,
FBL,KFBL,,44.3284,-93.3125,,
FCM,KFCM,,44.8272,-93.4571,,
FFM,KFFM,,46.2844,-96.1567,,
FRM,KFRM,,43.6439,-94.4156,,
GPZ,KGPZ,,47.2111,-93.5098,,
GRM,KCKC,,47.8383,-90.3829,,
HIB,KHIB,,47.3866,-92.839,,
ILL,KBDH,,45.1177,-95.1304,,
INL,KINL,,48.5662,-93.4031,,
LYU,KELO,,47.8245,-91.8307,,
MIC,KMIC,,45.062,-93.3539,,
MJQ,KMJQ,,43.65,-94.9867,,
MKT,KMKT,,44.2216,-93.9187,,
MML,KMML,,44.4505,-95.8219,,
MOX,KMOX,,45.5704,-95.9684,,
MSP,KMSP,,44.882,-93.2218,,
MVE,KMVE,,44.9691,-95.7103,,
MWM,KMWM,,43.9134,-95.1094,,
NSL,KDVP,,43.9868,-95.7826,,
ONA,KONA,,44.0772,-91.7083,,
OTG,KOTG,,43.6559,-95.584,,
OWA,KOWA,,44.1234,-93.2606,,
PKD,KPKD,,46.9006,-95.0731,,
ROX,KROX,,48.856,-95.697,,
RRT,KRRT,,48.9414,-95.3484,,
RST,KRST,,43.9083,-92.5,,
RWF,KRWF,,44.5472,-95.0823,,
STC,KSTC,,45.5466,-94.0599,,
STP,KSTP,,44.9345,-93.06,,
SYN,KSYN,,44.4755,-93.0163,,
TVF,KTVF,,48.0657,-96.185,,
ULM,KULM,,44.3196,-94.5023,,
BIX,KBIX,,30.4104,-88.9244,,
CBM,KCBM,,33.6438,-88.4438,,
CKM,KCKM,,34.2997,-90.5123,,
CRX,KCRX,,34.915,-88.6035,,
DXE,KMBO,,32.4387,-90.1031,,
GLH,KGLH,,33.4829,-90.9856,,
GPT,KGPT,,30.4073,-89.0701,,
GTR,KGTR,,33.4503,-88.5914,,
GWO,KGWO,,33.4943,-90.0847,,
HBG,KHBG,,31.2648,-89.2528,,
HEZ,KHEZ,,31.6137,-91.2973,,
HKS,KHKS,,32.3345,-90.2222,,
JAN,KJAN,,32.3112,-90.0759,,
LMS,KLMS,,33.1462,-89.0625,,
LUL,KLUL,,31.6726,-89.1722,,
MCB,KMCB,,31.1785,-90.4719,,
MEI,KMEI,,32.3326,-88.7519,,
MMS,KMMS,,34.2315,-90.2896,,
OLV,KOLV,,34.9787,-89.7869,,
OSX,KOSX,,33.09,-89.5409,,
PCU,,,30.786,-89.5045,,
PGL,KPQL,,30.4628,-88.5292,,
PIB,KPIB,,31.4671,-89.3371,,
RFK,,,32.9549,-90.8459,,
TUP,KTUP,,34.2681,-88.7699,,
UBS,KUBS,,33.4654,-88.3803,,
UOX,KUOX,,34.3843,-89.5368,,
UTM,KUTA,,34.681,-90.3467,,
VKS,KVKS,,32.2393,-90.9284,,
AIZ,KAIZ,,38.096,-92.5495,,
BKG,KBBG,,36.5321,-93.2005,,
BUM,KBUM,,38.2898,-94.3401,,
CGI,KCGI,,37.2253,-89.5708,,
COU,KCOU,,38.8181,-92.2196,,
DMO,KDMO,,38.7074,-93.1759,,
EOS,KEOS,,36.8065,-94.391,,
FAM,KFAM,,37.7611,-90.4286,,
IRK,KIRK,,40.0935,-92.5449,,
JEF,KJEF,,38.5912,-92.1561,,
JLN,KJLN,,37.1518,-94.4983,,
KNK,PFKK,,59.4332,-154.804,,
KNT,KTKX,,36.2259,-90.0366,,
MAW,KMAW,,36.6006,-89.9922,,
MBY,KMBY,,39.4639,-92.427,,
MCI,KMCI,,39.2976,-94.7139,,
MHL,KMHL,,39.0958,-93.2029,,
MKC,KMKC,,39.1232,-94.5928,,
NVD,KNVD,,37.853,-94.3045,,
OSB,,,38.1142,-92.6826,,
PLK,KPLK,,36.6259,-93.2289,,
POF,KPOF,,36.7739,-90.3249,,
SGF,KSGF,,37.2457,-93.3886,,
SIK,KSIK,,36.8989,-89.5618,,
STJ,KSTJ,,39.7719,-94.9097,,
STL,KSTL,,38.7487,-90.37,,
SUS,KSUS,,38.6621,-90.652,,
SZL,KSZL,,38.7303,-93.5479,,
TBN,KTBN,,37.7416,-92.1407,,
TRX,KTRX,,40.0836,-93.5908,,
VIH,KVIH,,38.1274,-91.7695,,
VRS,,,38.4278,-92.8752,,
BDX,,,45.4725,-105.454,,
BIL,KBIL,,45.8077,-108.543,,
BTM,KBTM,,45.9548,-112.497,,
BZN,KBZN,,45.7775,-111.153,,
CTB,KCTB,,48.6084,-112.376,,
DLN,KDLN,,45.2554,-112.553,,
DRU,,,46.6208,-113.205,,
FCA,KGPI,,48.3105,-114.256,,
GDV,KGDV,,47.1387,-104.807,,
GGW,KGGW,,48.2125,-106.615,,
GTF,KGTF,,47.482,-111.371,,
HLN,KHLN,,46.6068,-111.983,,
HVR,KHVR,,48.543,-109.762,,
JDN,KJDN,,47.3288,-106.953,,
LVM,KLVM,,45.6994,-110.448,,
LWT,KLWT,,47.0493,-109.467,,
MLK,,,48.3669,-107.919,,
MLS,KMLS,,46.428,-105.886,,
MSO,KMSO,,46.9163,-114.091,,
OLF,KOLF,,48.0945,-105.575,,
PWD,KPWD,,48.7903,-104.534,,
RPX,KRPX,,46.4751,-108.541,,
SBX,KSBX,,48.5407,-111.871,,
SDY,KSDY,,47.7069,-104.193,,
THM,KTHM,,47.5735,-115.281,,
WYS,KWYS,,44.6884,-111.118,,
AHF,,,40.3395,-99.9065,,
AIA,KAIA,,42.0532,-102.804,,
ANW,KANW,,42.5792,-99.993,,
BBW,KBBW,,41.4365,-99.6422,,
BFF,KBFF,,41.874,-103.596,,
BIE,KBIE,,40.3013,-96.7541,,
BUB,KBUB,,41.7767,-99.1497,,
CDR,KCDR,,42.8376,-103.095,,
EAR,KEAR,,40.727,-99.0068,,
EPG,,,40.8675,-96.11,,
FBY,KFBY,,40.183,-97.1693,,
FET,KFET,,41.4491,-96.5202,,
GRI,KGRI,,40.9675,-98.3096,,
GRN,KGRN,,42.806,-102.175,,
HDE,KHDE,,40.4521,-99.3365,,
HSI,KHSI,,40.6053,-98.4279,,
IML,KIML,,40.5093,-101.621,,
LBF,KLBF,,41.1262,-100.684,,
LNK,KLNK,,40.851,-96.7592,,
LXN,KLXN,,40.791,-99.7773,,
MCK,KMCK,,40.2063,-100.592,,
MHN,KMHN,,42.0422,-101.059,,
MIQ,KMLE,,41.195,-96.1148,,
OFF,KOFF,,41.1183,-95.9125,,
OFK,KOFK,,41.9855,-97.4351,,
OGA,KOGA,,41.1195,-101.77,,
OKS,KOKS,,41.401,-102.355,,
OLU,KOLU,,41.448,-97.3426,,
ONL,KONL,,42.4699,-98.6881,,
SCB,KSCB,,41.6103,-96.6299,,
SNY,KSNY,,41.1013,-102.985,,
VTN,KVTN,,42.8578,-100.548,,
ASQ,,,39.468,-117.195,,
BAM,KBAM,,40.599,-116.874,,
BLD,,,35.9475,-114.861,,
BTY,KBTY,,36.8611,-116.787,,
CSN,KCXP,,39.1922,-119.734,,
DRA,KDRA,,36.6194,-116.033,,
EKO,KEKO,,40.8249,-115.792,,
ELY,KELY,,39.2997,-114.842,,
EUE,,,39.6042,-116.005,,
EYR,,,39.0041,-119.158,,
FLX,KFLX,,39.4991,-118.749,,
GAB,KGAB,,38.9241,-117.959,,
HSH,KHND,,35.9728,-115.134,,
HTH,KHTH,,38.5444,-118.634,,
INS,KINS,,36.5872,-115.673,,
KPT,,,41.976,-114.658,,
LAS,KLAS,,36.0801,-115.152,,
LOL,KLOL,,40.0664,-118.565,,
LSV,KLSV,,36.2362,-115.034,,
LWL,KLWL,,41.1171,-114.922,,
MEV,KMEV,,39.0003,-119.751,,
MFH,,,36.835,-114.055,,
NFL,KNFL,,39.4166,-118.701,,
RNO,KRNO,,39.4991,-119.768,,
TPH,KTPH,,38.0602,-117.087,,
UCC,KUCC,,36.9458,-116.038,,
VGT,KVGT,,36.2107,-115.194,,
WMC,KWMC,,40.8966,-117.806,,
XSD,KTNX,,37.7988,-116.781,,
AFN,KAFN,,42.8051,-72.003,,
ASH,KASH,,42.7817,-71.5148,,
BML,KBML,,44.5754,-71.1759,,
CNH,KCNH,,43.3704,-72.3687,,
CON,KCON,,43.2027,-71.5023,,
EEN,KEEN,,42.8984,-72.2708,,
ERR,KERR,,44.7925,-71.1642,,
HIE,KHIE,,44.3676,-71.5445,,
LCI,KLCI,,43.5727,-71.4189,,
LEB,KLEB,,43.6261,-72.3042,,
MHT,KMHT,,42.9326,-71.4357,,
NWH,,,40.4625,-74.3306,,
PSM,KPSM,,43.0779,-70.8233,,
ACY,KACY,,39.4576,-74.5772,,
BLM,KBLM,,40.1869,-74.1249,,
CDW,KCDW,,40.8752,-74.2814,,
EWR,KEWR,,40.6925,-74.1686,,
JVI,,,40.5244,-74.5984,,
LDJ,KLDJ,,40.6174,-74.2446,,
LLY,KVAY,,39.9429,-74.8457,,
MIV,KMIV,,39.3678,-75.0722,,
MJX,KMJX,,39.9275,-74.2924,,
MMU,KMMU,,40.7994,-74.4149,,
NEL,KNEL,,40.0333,-74.3533,,
PCT,,,40.3992,-74.6589,,
TEB,KTEB,,40.8501,-74.0608,,
TTN,KTTN,,40.2767,-74.8135,,
WRI,KWRI,,40.0156,-74.5917,,
WWD,KWWD,,39.0085,-74.9083,,
ABQ,KABQ,,35.0402,-106.609,,
ALM,KALM,,32.8399,-105.991,,
ATS,KATS,,32.8525,-104.468,,
AXX,KAXX,,36.422,-105.29,,
CAO,KCAO,,36.4462,-103.167,,
CNM,KCNM,,32.3375,-104.263,,
CVN,KCVN,,34.4251,-103.079,,
CVS,KCVS,,34.3828,-103.322,,
DMN,KDMN,,32.2623,-107.721,,
ESO,,,36.03,-106.046,,
FMN,KFMN,,36.7412,-108.23,,
FSU,KFSU,,34.4834,-104.217,,
GNT,KGNT,,35.1673,-107.902,,
GUP,KGUP,,35.5111,-108.789,,
HBB,,,32.7668,-103.209,,
HMN,KHMN,,32.8525,-106.107,,
HOB,KHOB,,32.6875,-103.217,,
LAM,KLAM,,35.8798,-106.269,,
LRU,KLRU,,32.2894,-106.922,,
LSB,KLSB,,32.3335,-108.692,,
LVS,KLVS,,35.6542,-105.142,,
ONM,KONM,,34.024,-106.898,,
ROW,KROW,,33.3016,-104.531,,
RTN,KRTN,,36.7415,-104.502,,
RUI,KSRR,,33.4628,-105.535,,
SAF,KSAF,,35.6171,-106.089,,
SVC,KSVC,,32.6365,-108.156,,
TCC,KTCC,,35.1828,-103.603,,
TCS,KTCS,,33.2369,-107.272,,
TSM,KSKX,,36.4582,-105.672,,
WSD,KWSD,,32.3415,-106.403,,
ALB,KALB,,42.7483,-73.8017,,
ART,KART,,43.9919,-76.0217,,
AXB,,,44.312,-75.9003,,
BGM,KBGM,,42.2087,-75.9798,,
BUF,KBUF,,42.9405,-78.7322,,
COP,,,42.6292,-74.891,,
CTO,,,40.9151,-72.7919,,
CTX,,,42.5926,-76.2149,,
DKK,KDKK,,42.4933,-79.272,,
DSV,KDSV,,42.5709,-77.7131,,
ELM,KELM,,42.1599,-76.8916,,
ELZ,KELZ,,42.1095,-77.99,,
FID,,,41.2513,-72.0316,,
FOK,KFOK,,40.8437,-72.6318,,
FRG,KFRG,,40.7288,-73.4134,,
GFL,KGFL,,43.3412,-73.6103,,
HCC,,,42.2913,-73.7103,,
HPN,KHPN,,41.067,-73.7076,,
HTO,KHTO,,40.9596,-72.2518,,
IAG,KIAG,,43.1073,-78.9462,,
ISP,KISP,,40.7952,-73.1002,,
ITH,KITH,,42.491,-76.4584,,
JFK,KJFK,,40.6397,-73.7789,,
JHW,KJHW,,42.1534,-79.258,,
LGA,KLGA,,40.775,-73.875,,
LKP,KLKP,,44.2645,-73.9619,,
MGJ,KMGJ,,41.51,-74.2646,,
MSS,KMSS,,44.9358,-74.8456,,
MSV,KMSV,,41.7016,-74.795,,
MTP,KMTP,,41.0765,-71.9208,,
OGS,KOGS,,44.6819,-75.4655,,
OIC,KOIC,,42.5666,-75.5241,,
OLE,KOLE,,42.2422,-78.3716,,
ONH,,,42.5247,-75.0644,,
PBG,KPBG,,44.6509,-73.4681,,
POU,KPOU,,41.6266,-73.8842,,
RME,KRME,,43.2338,-75.407,,
ROC,KROC,,43.1189,-77.6724,,
RSX,,,44.9917,-73.3635,,
SCH,KSCH,,42.8525,-73.9289,,
SLK,KSLK,,44.3853,-74.2062,,
SWF,KSWF,,41.5042,-74.1047,,
SXY,,,42.3026,-75.416,,
SYR,KSYR,,43.1112,-76.1063,,
WSH,KHWV,,40.8219,-72.8694,,
AVL,KAVL,,35.4362,-82.5418,,
CLT,KCLT,,35.214,-80.9431,,
CTZ,KCTZ,,34.9756,-78.3646,,
DUF,,,36.2535,-75.7885,,
ECG,KECG,,36.2606,-76.1746,,
EDE,KEDE,,36.0277,-76.5671,,
EWN,KEWN,,35.073,-77.0429,,
FAY,KFAY,,34.9912,-78.8803,,
FBG,KFBG,,35.1318,-78.9367,,
FFA,KFFA,,36.0182,-75.6713,,
GSB,KGSB,,35.3394,-77.9606,,
GSO,KGSO,,36.0978,-79.9373,,
HFF,KHFF,,35.0363,-79.4978,,
HKY,KHKY,,35.7411,-81.3895,,
HNC,KHSE,,35.2328,-75.6178,,
IKB,KUKF,,36.2228,-81.0983,,
ILM,KILM,,34.2706,-77.9026,,
INT,KINT,,36.1337,-80.222,,
ISO,KISO,,35.3314,-77.6088,,
LBT,KLBT,,34.6099,-79.0594,,
LFN,KLHZ,,36.0233,-78.3303,,
MEO,KMQI,,35.919,-75.6955,,
MRN,KMRN,,35.8202,-81.6114,,
MXE,KMEB,,34.7919,-79.3658,,
OAJ,KOAJ,,34.8292,-77.6121,,
OCW,KOCW,,35.5705,-77.0498,,
PGV,KPGV,,35.6352,-77.3853,,
POB,KPOB,,35.1709,-79.0145,,
QWG,,,35.2138,-80.6701,,
RDU,KRDU,,35.8776,-78.7875,,
RWI,KRWI,,35.8563,-77.8919,,
RZZ,KRZZ,,36.4395,-77.7093,,
SOP,KSOP,,35.2374,-79.3912,,
SRW,KRUQ,,35.6459,-80.5203,,
SVH,KSVH,,35.7653,-80.9539,,
USA,KJQF,,35.3878,-80.7091,,
ASY,KASY,,46.0239,-99.3526,,
BIS,KBIS,,46.7727,-100.746,,
BWM,KBPP,,46.1655,-103.301,,
DIK,KDIK,,46.7974,-102.802,,
DVL,KDVL,,48.1142,-98.9088,,
FAR,KFAR,,46.9207,-96.8158,,
GFK,KGFK,,47.9493,-97.1761,,
ISN,KISN,,48.1779,-103.642,,
JMS,KJMS,,46.9297,-98.6782,,
MIB,KMIB,,48.4156,-101.358,,
MOT,KMOT,,48.2594,-101.28,,
PMB,KPMB,,48.9425,-97.2408,,
RDR,KRDR,,47.9611,-97.4012,,
VEX,,,48.3805,-102.898,,
WAH,KBWP,,46.2441,-96.6074,,
XWA,KXWA,,48.2597,-103.751,,
AKC,KAKR,,41.0375,-81.4669,,
AOH,KAOH,,40.7069,-84.0267,,
ATO,KUNI,,39.211,-82.2314,,
AXV,KAXV,,40.4934,-84.2989,,
BJJ,KBJJ,,40.8748,-81.8883,,
BKL,KBKL,,41.5175,-81.6833,,
CAK,KCAK,,40.9161,-81.4422,,
CGF,KCGF,,41.5651,-81.4864,,
CLE,KCLE,,41.4117,-81.8498,,
CMH,KCMH,,39.998,-82.8919,,
DAY,KDAY,,39.9024,-84.2194,,
DFI,KDFI,,41.3375,-84.4288,,
FDY,KFDY,,41.0135,-83.6687,,
FFO,KFFO,,39.8261,-84.0483,,
GQQ,KGQQ,,40.7534,-82.7238,,
HAO,KHAO,,39.3638,-84.522,,
HTW,KHTW,,38.4193,-82.4943,,
ILN,KILN,,39.4279,-83.7921,,
JFN,KHZY,,41.778,-80.6955,,
LCK,KLCK,,39.8138,-82.9278,,
LNN,KLNN,,41.684,-81.3897,,
LUK,KLUK,,39.1033,-84.4186,,
MFD,KMFD,,40.8214,-82.5166,,
MGY,KMGY,,39.589,-84.2249,,
MNN,KMNN,,40.6162,-83.0635,,
MWO,KMWO,,39.531,-84.3953,,
OSU,KOSU,,40.0798,-83.073,,
OXD,KOXD,,39.5023,-84.7844,,
PHD,KPHD,,40.4709,-81.4197,,
PMH,KPMH,,38.8405,-82.8473,,
SGH,KSGH,,39.8403,-83.8402,,
SKY,KSKY,,41.4333,-82.6522,,
TDZ,KTDZ,,41.5649,-83.4823,,
TOL,KTOL,,41.5868,-83.8078,,
YNG,KYNG,,41.2607,-80.6791,,
ZZV,KZZV,,39.9444,-81.8921,,
ADM,KADM,,34.303,-97.0196,,
ADT,KADH,,34.8043,-96.6713,,
AHD,,,34.147,-97.1227,,
ATE,,,34.1926,-95.6499,,
AXS,KAXS,,34.698,-99.3385,,
BVO,KBVO,,36.7625,-96.0112,,
BWL,KBKN,,36.7959,-97.317,,
CHK,KCHK,,35.0974,-97.9677,,
CKA,KCKA,,36.7439,-98.1231,,
CLK,KCLK,,35.5383,-98.9327,,
CSM,KCSM,,35.3398,-99.2005,,
CUH,KCUH,,35.9499,-96.7731,,
DUA,KDUA,,33.9423,-96.3945,,
DUC,KDUC,,34.4709,-97.9599,,
ELK,KELK,,35.4308,-99.3943,,
END,KEND,,36.3392,-97.9165,,
FDR,KFDR,,34.352,-98.9839,,
FSI,KFSI,,34.6498,-98.4022,,
GAG,KGAG,,36.2955,-99.7764,,
GOK,KGOK,,35.8498,-97.4156,,
GUY,KGUY,,36.6851,-101.508,,
HBR,KHBR,,34.9913,-99.0513,,
HUJ,KHHW,,34.0348,-95.5419,,
LAW,KLAW,,34.5677,-98.4166,,
LTS,KLTS,,34.6671,-99.2667,,
MIO,KMIO,,36.9092,-94.8875,,
MKO,KMKO,,35.6565,-95.3667,,
MLC,KMLC,,34.8824,-95.7835,,
NRI,,,36.5776,-94.8619,,
OKC,KOKC,,35.3931,-97.6007,,
OKM,KOKM,,35.6681,-95.9487,,
OUN,KOUN,,35.2456,-97.4721,,
PNC,KPNC,,36.732,-97.0998,,
PWA,KPWA,,35.5342,-97.6471,,
RKR,KRKR,,35.0216,-94.6213,,
RVS,KRVS,,36.0396,-95.9846,,
SNL,KSNL,,35.3579,-96.9428,,
SUD,KSUD,,35.7896,-96.6557,,
SWO,KSWO,,36.1612,-97.0857,,
TIK,KTIK,,35.4147,-97.3866,,
TUL,KTUL,,36.1984,-95.8881,,
WDG,KWDG,,36.3792,-97.7911,,
WWR,KWWR,,36.438,-99.5227,,
AHM,,,42.1903,-122.661,,
AST,KAST,,46.158,-123.879,,
BDY,,,43.0865,-124.408,,
BKE,KBKE,,44.8373,-117.809,,
BNO,KBNO,,43.5919,-118.955,,
BOK,KBOK,,42.0746,-124.29,,
CHZ,,,42.5794,-121.879,,
CVO,KCVO,,44.4972,-123.29,,
CZK,KCZK,,45.6769,-121.879,,
DLS,KDLS,,45.6185,-121.167,,
EUG,KEUG,,44.1246,-123.212,,
FMU,,,43.9828,-124.111,,
GOL,,,42.4134,-124.424,,
GTP,,,42.5101,-123.388,,
HES,KHRI,,45.8282,-119.259,,
HIO,KHIO,,45.5404,-122.95,,
JDA,KGCD,,44.4042,-118.963,,
LGD,KLGD,,45.2902,-118.007,,
LKV,KLKV,,42.1611,-120.399,,
LMT,KLMT,,42.1561,-121.733,,
MDJ,,,44.6702,-121.155,,
MFR,KMFR,,42.3742,-122.873,,
ONO,KONO,,44.0205,-117.014,,
ONP,KONP,,44.5804,-124.058,,
OTH,KOTH,,43.4171,-124.246,,
OTK,KTMK,,45.4182,-123.814,,
PDT,KPDT,,45.6951,-118.841,,
PDX,KPDX,,45.5887,-122.598,,
PFC,KPFC,,45.1998,-123.962,,
PRZ,,,44.287,-120.904,,
RBG,KRBG,,43.2388,-123.356,,
RDM,KRDM,,44.2541,-121.15,,
REO,KREO,,42.5777,-117.885,,
SLE,KSLE,,44.9095,-123.003,,
SUO,,,43.8763,-121.453,,
TTD,KTTD,,45.5494,-122.401,,
ABE,KABE,,40.6521,-75.4408,,
AGC,KAGC,,40.3544,-79.9302,,
AOO,KAOO,,40.2964,-78.32,,
AVP,KAVP,,41.3385,-75.7234,,
BBX,KLOM,,40.1375,-75.2651,,
BFD,KBFD,,41.8031,-78.6401,,
BFP,KBVI,,40.7725,-80.3914,,
BTP,KBTP,,40.7769,-79.9497,,
CTH,KMQS,,39.979,-75.8655,,
DUJ,KDUJ,,41.1783,-78.8987,,
DYL,KDYL,,40.333,-75.1223,,
ERI,KERI,,42.0831,-80.1739,,
ESP,,,41.0358,-75.1606,,
FKL,KFKL,,41.3779,-79.8604,,
GTY,,,39.8409,-77.2742,,
HAR,KCXY,,40.2171,-76.8515,,
HZL,KHZL,,40.9868,-75.9949,,
IDI,KIDI,,40.6322,-79.1055,,
IPT,KIPT,,41.2418,-76.9211,,
JST,KJST,,40.3161,-78.8339,,
LBE,KLBE,,40.2759,-79.4048,,
LHV,KLHV,,41.1356,-77.4223,,
LNS,KLNS,,40.1217,-76.2961,,
MDT,KMDT,,40.1935,-76.7634,,
MEJ,KGKJ,,41.6265,-80.2147,,
MPO,KMPO,,41.1375,-75.3789,,
MUI,KMUI,,40.4348,-76.5694,,
PHL,KPHL,,39.8719,-75.2411,,
PIT,KPIT,,40.4915,-80.2329,,
PNE,KPNE,,40.0819,-75.0106,,
PSB,KPSB,,40.8835,-78.0863,,
PSQ,,,39.859,-75.2996,,
PTW,KPTW,,40.2396,-75.5567,,
RDG,KRDG,,40.3785,-75.9652,,
RED,KRVL,,40.6774,-77.6268,,
SCE,KUNV,,40.8493,-77.8487,,
SEG,KSEG,,40.8206,-76.8639,,
STQ,KOYM,,41.4125,-78.5026,,
THV,KTHV,,39.917,-76.873,,
UKT,KUKT,,40.4352,-75.3819,,
WAY,KWAY,,39.9001,-80.1331,,
WBW,KWBW,,41.2972,-75.8512,,
WSG,KAFJ,,40.1365,-80.2902,,
BID,KBID,,41.1681,-71.5778,,
NCO,KOQU,,41.5971,-71.4121,,
NPT,KUUU,,41.5324,-71.2815,,
PVD,KPVD,,41.7326,-71.4204,,
SFZ,KSFZ,,41.9208,-71.4914,,
WST,KWST,,41.3496,-71.8034,,
AIK,KAIK,,33.6494,-81.685,,
AND,KAND,,34.4946,-82.7094,,
BFT,KARW,,32.4122,-80.6344,,
BNL,KBNL,,33.2578,-81.3883,,
BTN,KBBP,,34.6217,-79.7344,,
CAE,KCAE,,33.9388,-81.1195,,
CDN,KCDN,,34.2836,-80.5649,,
CEU,KCEU,,34.6719,-82.8865,,
CHS,KCHS,,32.8986,-80.0405,,
CRE,KCRE,,33.8117,-78.7239,,
CUB,KCUB,,33.9705,-80.9952,,
DLL,KDLC,,34.4491,-79.3686,,
FLO,KFLO,,34.1854,-79.7239,,
GDC,KGYH,,34.7583,-82.3764,,
GGE,KGGE,,33.3117,-79.3196,,
GMU,KGMU,,34.8479,-82.35,,
GRD,KGRD,,34.2487,-82.1591,,
GSP,KGSP,,34.8957,-82.2189,,
HCW,KCQW,,34.7129,-79.957,,
HHH,KHXD,,32.2244,-80.6975,,
HVS,KHVS,,34.4031,-80.1192,,
MMT,KMMT,,33.9208,-80.8013,,
MYR,KMYR,,33.6797,-78.9283,,
OGB,KOGB,,33.4568,-80.8595,,
RBW,KRBW,,32.921,-80.6406,,
RKH,KUZA,,34.9878,-81.0572,,
SSC,KSSC,,33.9727,-80.4706,,
USC,,,40.2249,-83.3519,,
ABR,KABR,,45.4491,-98.4218,,
ATY,KATY,,44.914,-97.1547,,
BKX,KBKX,,44.3048,-96.8169,,
CTK,,,43.3089,-96.571,,
FSD,KFSD,,43.582,-96.7419,,
HON,KHON,,44.3852,-98.2285,,
LEM,KLEM,,45.9187,-102.106,,
LQK,KLQK,,34.81,-82.7029,,
MBG,KMBG,,45.5465,-100.408,,
MHE,KMHE,,43.7748,-98.0386,,
PHP,KPHP,,44.0486,-101.599,,
PIR,KPIR,,44.3827,-100.286,,
RAP,KRAP,,44.0453,-103.057,,
RCA,KRCA,,44.145,-103.104,,
SPF,KSPF,,44.4803,-103.783,,
TTO,KBTN,,45.8152,-97.7431,,
XMD,KMDS,,44.016,-97.0859,,
XPR,KIEN,,43.0225,-102.511,,
YKN,KYKN,,42.9167,-97.3859,,
APT,KAPT,,35.0607,-85.5853,,
BNA,KBNA,,36.1245,-86.6782,,
CHA,KCHA,,35.0353,-85.2038,,
CKV,KCKV,,36.6219,-87.415,,
CSV,KCSV,,35.9513,-85.085,,
FYM,KFYM,,35.0597,-86.564,,
GCY,KGCY,,36.193,-82.8151,,
GHM,KGHM,,35.8374,-87.4454,,
GKT,KGKT,,35.8578,-83.5287,,
MEM,KMEM,,35.0424,-89.9767,,
MKL,KMKL,,35.5999,-88.9156,,
MMI,KMMI,,35.3973,-84.5626,,
MOR,KMOR,,36.1795,-83.3752,,
MQY,KMQY,,36.009,-86.5201,,
MRC,KMRC,,35.5541,-87.1789,,
NQA,KNQA,,35.3567,-89.8703,,
PHT,KPHT,,36.3382,-88.3829,,
RKW,KRKW,,35.9223,-84.6897,,
RNC,KRNC,,35.6987,-85.8438,,
SYI,KSYI,,35.5601,-86.4425,,
THA,KTHA,,35.3801,-86.2464,,
TRI,KTRI,,36.4752,-82.4074,,
TYS,KTYS,,35.811,-83.994,,
UCY,KUCY,,36.3818,-88.9854,,
UOS,KUOS,,35.2051,-85.8981,,
ABI,KABI,,32.4113,-99.6819,,
ACT,KACT,,31.6113,-97.2305,,
ADS,KADS,,32.9686,-96.8364,,
AFW,KAFW,,32.9876,-97.3188,,
ALE,,,30.3842,-103.684,,
ALI,KALI,,27.7409,-98.0269,,
AMA,KAMA,,35.2194,-101.706,,
ASL,KASL,,32.5205,-94.3078,,
AUS,KAUS,,30.1945,-97.6699,,
,KBAZ,,29.703,-98.0411,,
BBC,KBYY,,28.9733,-95.8635,,
BBD,KBBD,,31.1793,-99.3239,,
BGD,KBGD,,35.7009,-101.394,,
BIF,KBIF,,31.8495,-106.38,,
BKD,KBKD,,32.719,-98.891,,
BMT,KBMT,,30.0707,-94.2158,,
BPT,KBPT,,29.9508,-94.0207,,
BRO,KBRO,,25.9068,-97.4259,,
BWD,KBWD,,31.7936,-98.9565,,
BZT,,,28.9822,-95.5797,,
CCG,,,31.4151,-102.363,,
CDS,KCDS,,34.4338,-100.288,,
CFD,KCFD,,30.7157,-96.3314,,
CLL,KCLL,,30.5886,-96.3638,,
CNW,KCNW,,31.6378,-97.0741,,
COM,KCOM,,31.8411,-99.4036,,
COT,KCOT,,28.4567,-99.2203,,
CRP,KCRP,,27.7704,-97.5012,,
CRS,KCRS,,32.0281,-96.4006,,
CUX,,,27.7218,-97.5121,,
CXO,KCXO,,30.3518,-95.4145,,
CZT,KCZT,,28.5222,-99.8236,,
DAL,KDAL,,32.8471,-96.8518,,
DFW,KDFW,,32.8968,-97.038,,
DHT,KDHT,,36.0226,-102.547,,
DLF,KDLF,,29.3595,-100.778,,
DRT,KDRT,,29.3742,-100.927,,
DWH,KDWH,,30.0618,-95.5528,,
DYS,KDYS,,32.4208,-99.8546,,
EFD,KEFD,,29.6073,-95.1588,,
EGP,,,28.8572,-100.512,,
ELA,KELA,,29.6006,-96.3219,,
ELP,KELP,,31.8072,-106.378,,
ERV,KERV,,29.9767,-99.0857,,
ETN,KETN,,32.4135,-98.8098,,
EVA,,,30.321,-94.0735,,
FST,KFST,,30.9157,-102.916,,
FTW,KFTW,,32.8198,-97.3624,,
FWH,KNFW,,32.7692,-97.4415,,
GGG,KGGG,,32.384,-94.7115,,
GLE,KGLE,,33.6514,-97.197,,
GLS,KGLS,,29.2653,-94.8604,,
GRK,KGRK,,31.0672,-97.8289,,
GVT,KGVT,,33.0678,-96.0653,,
HCA,KBPG,,32.2126,-101.522,,
HLR,KHLR,,31.1387,-97.7145,,
HOU,KHOU,,29.6454,-95.2789,,
HPY,KHPY,,29.7861,-94.9527,,
HRL,KHRL,,26.2285,-97.6544,,
HTV,KUTS,,30.7469,-95.5872,,
IAH,KIAH,,29.9844,-95.3414,,
ILE,KILE,,31.0858,-97.6865,,
INK,KINK,,31.7796,-103.201,,
IRB,,,30.9057,-101.892,,
IWS,KIWS,,29.8182,-95.6726,,
JAS,KJAS,,30.8857,-94.0349,,
JCT,KJCT,,30.5113,-99.7635,,
JCY,,,30.2518,-98.6225,,
JKV,KJSO,,31.8693,-95.2174,,
KIP,KCWC,,33.8578,-98.4904,,
LBB,KLBB,,33.6636,-101.823,,
LFK,KLFK,,31.234,-94.75,,
LJN,KLBX,,29.1086,-95.4621,,
LRD,KLRD,,27.5438,-99.4616,,
MAF,KMAF,,31.9425,-102.202,,
MDD,KMDD,,32.0365,-102.101,,
MFE,KMFE,,26.1758,-98.2386,,
MGI,,,28.323,-96.464,,
MIF,,,31.5825,-102.909,,
MPS,KOSA,,32.8981,-79.7828,,
MRF,KMRF,,30.3711,-104.018,,
MWL,KMWL,,32.7816,-98.0602,,
NGP,KNGP,,27.6926,-97.2911,,
NGW,KNGW,,27.7027,-97.4389,,
NIR,,,28.3624,-97.6619,,
NQI,KNQI,,27.5072,-97.8097,,
OCH,KOCH,,31.578,-94.7095,,
ONY,KONY,,33.3522,-98.7915,,
OZA,KOZA,,30.7353,-101.203,,
PEQ,KPEQ,,31.3824,-103.511,,
PNX,KGYI,,33.7141,-96.6737,,
PPA,KPPA,,35.613,-100.996,,
PRX,KPRX,,33.6366,-95.4508,,
PSN,KPSN,,31.7797,-95.7063,,
PSX,KPSX,,28.7275,-96.251,,
PVW,KPVW,,34.1681,-101.717,,
RBD,KRBD,,32.6809,-96.8682,,
RCK,KRCK,,30.6316,-96.9897,,
REE,,,33.5903,-102.037,,
RFG,KRFG,,28.2886,-97.318,,
RGR,,,32.4526,-98.6828,,
RKP,KRKP,,28.0868,-97.0446,,
RND,KRND,,29.5297,-98.2789,,
SAT,KSAT,,29.5337,-98.4698,,
SEP,KSEP,,32.2153,-98.1777,,
SGR,KSGR,,29.6223,-95.6565,,
SJT,KSJT,,31.3577,-100.496,,
SKF,KSKF,,29.3842,-98.5811,,
SLR,KSLR,,33.1598,-95.6211,,
SNK,KSNK,,32.6934,-100.95,,
SPS,KSPS,,33.9888,-98.4919,,
SSF,KSSF,,29.337,-98.4711,,
SWW,KSWW,,32.4674,-100.467,,
TDW,KTDW,,35.1699,-101.826,,
TPL,KTPL,,31.1525,-97.4078,,
TRL,KTRL,,32.7092,-96.2674,,
TYR,KTYR,,32.3541,-95.4024,,
UVA,KUVA,,29.2113,-99.7436,,
VCT,KVCT,,28.8526,-96.9185,,
VHN,KVHN,,31.0578,-104.784,,
WEA,KWEA,,32.7463,-97.6824,,
WHT,KARM,,29.2543,-96.1544,,
WIB,,,34.2257,-99.2838,,
BCE,KBCE,,37.7064,-112.145,,
BDG,KBDG,,37.5833,-109.483,,
BFG,,,37.5458,-110.713,,
BMC,KBMC,,41.5524,-112.062,,
BTF,KBTF,,40.8694,-111.927,,
CDC,KCDC,,37.701,-113.099,,
CNY,KCNY,,38.755,-109.755,,
DPG,KDPG,,40.1994,-112.937,,
DTA,KDTA,,39.3806,-112.508,,
ENV,KENV,,40.7187,-114.031,,
FIL,KFOM,,38.9583,-112.363,,
GMV,,,37.0167,-110.201,,
HIF,KHIF,,41.124,-111.973,,
HVE,KHVE,,38.418,-110.704,,
KNB,KKNB,,37.0106,-112.531,,
LGU,KLGU,,41.7912,-111.852,,
MLF,KMLF,,38.6097,-112.986,,
MSD,,,39.5266,-111.476,,
MXC,,,37.9324,-109.341,,
NPH,,,39.7388,-111.872,,
NTJ,,,39.3291,-111.615,,
OGD,KOGD,,41.1959,-112.012,,
PNU,,,37.8452,-112.392,,
PUC,KPUC,,39.6139,-110.751,,
PVU,KPVU,,40.2192,-111.723,,
RIF,KRIF,,38.7364,-112.099,,
ROL,,,40.2783,-110.051,,
RVR,,,38.9614,-110.227,,
SBO,,,39.0291,-111.838,,
SGU,KSGU,,37.0364,-113.51,,
SLC,KSLC,,40.7884,-111.978,,
VEL,KVEL,,40.4409,-109.51,,
BTV,KBTV,,44.4719,-73.1533,,
EFK,KEFK,,44.8888,-72.2292,,
LLX,KCDA,,44.5691,-72.018,,
MPV,KMPV,,44.2035,-72.5623,,
MVL,KMVL,,44.5346,-72.614,,
RUT,KRUT,,43.5294,-72.9496,,
VSF,KVSF,,43.3436,-72.5173,,
APH,KAPH,,38.0689,-77.3183,,
BCB,KBCB,,37.2076,-80.4078,,
BKT,KBKT,,37.0742,-77.9575,,
CHO,KCHO,,38.1386,-78.4529,,
DAA,KDAA,,38.715,-77.181,,
DAN,KDAN,,36.5729,-79.3361,,
DCA,KDCA,,38.8522,-77.0378,,
DGN,KNDY,,38.3325,-77.0372,,
FAF,KFAF,,37.1325,-76.6088,,
FKN,KFKN,,36.6981,-76.9038,,
FRR,KFRR,,38.9175,-78.2535,,
GVE,KGVE,,38.156,-78.1658,,
HSP,KHSP,,37.9514,-79.8339,,
IAD,KIAD,,38.9445,-77.4558,,
LFI,KLFI,,37.0829,-76.3605,,
LNP,KLNP,,36.9875,-82.53,,
LOW,KLKU,,38.0098,-77.9701,,
LVL,KLVL,,36.7728,-77.7943,,
LYH,KLYH,,37.3267,-79.2004,,
MFV,KMFV,,37.6469,-75.7611,,
MNZ,KHEF,,38.7214,-77.5154,,
NGU,KNGU,,36.9376,-76.2893,,
NTU,KNTU,,36.8207,-76.0335,,
NYG,KNYG,,38.5017,-77.3053,,
ORF,KORF,,36.8946,-76.2012,,
PHF,KPHF,,37.1319,-76.493,,
PSK,KPSK,,37.1373,-80.6785,,
PTB,KPTB,,37.1838,-77.5074,,
RIC,KRIC,,37.5052,-77.3197,,
ROA,KROA,,37.3255,-79.9754,,
SHD,KSHD,,38.2638,-78.8964,,
VJI,KVJI,,36.6871,-82.0333,,
WAL,KWAL,,37.9402,-75.4664,,
WGO,KOKV,,39.1435,-78.1444,,
ALW,KALW,,46.0949,-118.288,,
BFI,KBFI,,47.53,-122.302,,
BLI,KBLI,,48.7928,-122.538,,
BYW,,,48.579,-122.826,,
CKR,,,48.5978,-122.998,,
CLM,KCLM,,48.1202,-123.5,,
CLS,KCLS,,46.677,-122.983,,
CWS,,,48.4901,-122.832,,
DHB,,,48.6167,-123.003,,
DTR,,,48.4998,-122.814,,
EAT,KEAT,,47.3989,-120.207,,
ELN,KELN,,47.033,-120.531,,
EPH,KEPH,,47.3076,-119.516,,
ESD,KORS,,48.7082,-122.91,,
ESW,KESW,,47.2542,-121.186,,
FBS,,,48.5373,-123.01,,
FRD,KFHR,,48.522,-123.024,,
GCD,,,47.922,-119.083,,
GEG,KGEG,,47.6199,-117.534,,
GRF,KGRF,,47.0792,-122.581,,
HQM,KHQM,,46.9712,-123.937,,
KEH,,,47.7548,-122.259,,
KLS,KKLS,,46.118,-122.898,,
LKE,,,47.629,-122.339,,
LPS,,,48.4839,-122.938,,
MVW,KBVS,,48.4709,-122.421,,
MWH,KMWH,,47.2077,-119.32,,
NUW,KNUW,,48.3518,-122.656,,
ODW,KOKH,,48.2515,-122.674,,
OLM,KOLM,,46.9694,-122.903,,
OMK,KOMK,,48.4644,-119.518,,
OTS,,,48.499,-122.662,,
PAE,KPAE,,47.9063,-122.282,,
PSC,KPSC,,46.2647,-119.119,,
PUL,,,47.734,-122.647,,
PUW,KPUW,,46.7439,-117.11,,
PWT,KPWT,,47.4902,-122.765,,
RCE,,,48.6123,-123.139,,
RLD,KRLD,,46.3056,-119.304,,
RNT,KRNT,,47.4931,-122.216,,
RSJ,,,48.6457,-122.868,,
SEA,KSEA,,47.449,-122.309,,
SFF,KSFF,,47.6828,-117.323,,
SHN,KSHN,,47.2336,-123.148,,
SKA,KSKA,,47.6151,-117.656,,
SQV,,,48.0981,-123.187,,
SSW,,,48.6729,-123.176,,
TCM,KTCM,,47.1377,-122.476,,
TDO,KTDO,,46.4772,-122.806,,
TIW,KTIW,,47.2679,-122.578,,
TWD,,,48.0538,-122.811,,
UIL,KUIL,,47.9366,-124.563,,
WDN,,,48.7118,-123.018,,
WSX,,,48.6179,-122.953,,
YKM,KYKM,,46.5682,-120.544,,
BKW,KBKW,,37.7873,-81.1242,,
BLF,KBLF,,37.2958,-81.2077,,
CKB,KCKB,,39.2966,-80.2281,,
CRW,KCRW,,38.3731,-81.5932,,
EKN,KEKN,,38.8894,-79.8571,,
GWV,,,39.9487,-80.7595,,
HLG,KHLG,,40.175,-80.6463,,
HTS,KHTS,,38.3667,-82.558,,
LWB,KLWB,,37.8583,-80.3995,,
MGW,KMGW,,39.6429,-79.9163,,
MRB,KMRB,,39.4019,-77.9846,,
ODM,,,39.2808,-79.3374,,
PGC,,,38.9949,-79.1459,,
PKB,KPKB,,39.3451,-81.4392,,
AHH,KAHH,,45.2811,-92.3754,,
ARV,KARV,,45.9279,-89.7309,,
ASX,KASX,,46.5485,-90.919,,
ATW,KATW,,44.2581,-88.5191,,
AUW,KAUW,,44.9262,-89.6266,,
CLI,KCLI,,44.6138,-88.7313,,
CMY,KCMY,,43.9583,-90.7379,,
CWA,KCWA,,44.7776,-89.6668,,
EAU,KEAU,,44.8658,-91.4843,,
EGV,KEGV,,45.9323,-89.2683,,
ENW,KENW,,42.5957,-87.9278,,
ETB,KETB,,43.4222,-88.1279,,
FLD,KFLD,,43.7712,-88.4884,,
GRB,KGRB,,44.4851,-88.1296,,
GTG,KGTG,,45.7981,-92.6644,,
HYR,KHYR,,46.0252,-91.4443,,
ISW,KISW,,44.3603,-89.839,,
JVL,KJVL,,42.6203,-89.0416,,
LNR,KLNR,,43.2117,-90.1816,,
LSE,KLSE,,43.879,-91.2567,,
MDF,KMDZ,,45.101,-90.3033,,
MFI,KMFI,,44.6369,-90.1893,,
MKE,KMKE,,42.9472,-87.8966,,
MSN,KMSN,,43.1399,-89.3375,,
MTW,KMTW,,44.1288,-87.6806,,
MWC,KMWC,,43.1104,-88.0344,,
OEO,KOEO,,45.31,-92.6919,,
OSH,KOSH,,43.9844,-88.557,,
PCD,KPDC,,43.0193,-91.1237,,
PKF,KPKF,,45.955,-90.4244,,
PRW,,,45.543,-90.2793,,
RAC,KRAC,,42.7606,-87.8152,,
RHI,KRHI,,45.6312,-89.4675,,
RIE,KRPD,,45.419,-91.7735,,
RNH,KRNH,,45.1483,-92.5381,,
RRL,KRRL,,45.1989,-89.7129,,
SBM,KSBM,,43.7696,-87.8514,,
STE,KSTE,,44.5452,-89.5303,,
SUE,KSUE,,44.8437,-87.4215,,
SUW,KSUW,,46.6897,-92.0947,,
UES,KUES,,43.041,-88.2371,,
UNU,KUNU,,43.4266,-88.7032,,
VOK,KVOK,,43.939,-90.2534,,
XES,,,42.6149,-88.3896,,
AFO,KAFO,,42.7112,-110.942,,
BPI,KBPI,,42.5851,-110.111,,
BYG,KBYG,,44.3811,-106.722,,
COD,KCOD,,44.5202,-109.024,,
CPR,KCPR,,42.908,-106.464,,
CYS,KCYS,,41.1557,-104.812,,
DGW,KDGW,,42.7972,-105.386,,
EAN,KEAN,,42.0555,-104.929,,
ECS,KECS,,43.8854,-104.318,,
EMM,KEMM,,41.8241,-110.557,,
EVW,KEVW,,41.2748,-111.035,,
FBR,KFBR,,41.3919,-110.407,,
GCC,KGCC,,44.3489,-105.539,,
GEY,KGEY,,44.5168,-108.083,,
JAC,KJAC,,43.6073,-110.738,,
LAR,KLAR,,41.3121,-105.675,,
LND,KLND,,42.8152,-108.73,,
LSK,KLSK,,42.7538,-104.405,,
POY,KPOY,,44.8672,-108.793,,
PWY,KPNA,,42.7955,-109.807,,
RIW,KRIW,,43.0642,-108.46,,
RKS,KRKS,,41.5942,-109.065,,
RWL,KRWL,,41.8056,-107.2,,
SAA,KSAA,,41.4449,-106.824,,
SHR,KSHR,,44.7692,-106.98,,
THP,KTHP,,43.7136,-108.39,,
TOR,KTOR,,42.0645,-104.153,,
WRL,KWRL,,43.9657,-107.951,,
,,1K4,35.1550675,-97.4703939,,
,,1K2,34.8494514,-97.5852917,,
,,KLAW,34.5677144,-98.4166367,,
,,1O8,34.458625,-99.1713333,,
,,2K4,34.8926111,-99.5282222,,
,,SWO,36.1613894,-97.0858933,,
,,RVS,36.0395842,-95.9845947,,
,,MPJ,35.1388333,-92.9091944,,
,,PNC,36.7319547,-97.0997822,,
,,O53,36.7905842,-97.7489972,,
,,AVK,36.7735767,-98.6711663,,
,,HQG,37.1633583,-101.3706775,,
,,LBL,37.0439211,-100.9599686,,
